Addresses,Prices,Beds,Baths,Square Footage
"114 Brentwood Dr Daphne, AL 36526","$2,100/mo",3bd,2ba,"2,000 sqft"
"167 County Road 1019 Thorsby, AL 35171","$1,495/mo",4bd,2ba,"1,681 sqft"
"2135 Kilpatrick Ln Cullman, AL 35055","$1,625/mo",3bd,2.5ba,"1,689 sqft"
"106 Carnegie Ct Dothan, AL 36305","$2,500/mo",3bd,3ba,"2,786 sqft"
"2305 Arlington Cres #C1 Birmingham, AL 35205",$780/mo,Studio,1ba,No Data
"2315 Village Center St Hoover, AL 35226","$3,000/mo",3bd,2.5ba,"2,001 sqft"
"1761 Big Mountain Dr Birmingham, AL 35235","$1,460/mo",4bd,2ba,"1,632 sqft"
"1037 41st St Birmingham, AL 35208",$945/mo,3bd,1ba,"1,226 sqft"
"115 W  Drake Ave  #A Auburn, AL 36830","$1,000/mo",1bd,1ba,No Data
"26169 Beech Grove Ln   NW Madison, AL 35756","$1,899/mo",4bd,2.5ba,"2,091 sqft"
"122 Fargo Dr Meridianville, AL 35759","$1,800/mo",3bd,2ba,"1,731 sqft"
"182 Cherry Laurel Dr Hazel Green, AL 35750","$2,150/mo",4bd,2.5ba,"2,572 sqft"
"2509 Celia Ct SW Huntsville, AL 35803","$2,200/mo",4bd,2ba,"2,191 sqft"
"3213 Clifford Rd NW Huntsville, AL 35810","$1,595/mo",4bd,2ba,"1,800 sqft"
"1259 Amelia Ave Mobile, AL 36608","$1,095/mo",3bd,1ba,864 sqft
"1801 Winona Ave Montgomery, AL 36107",$995/mo,4bd,2ba,No Data
"2733 Pelzer Ave Montgomery, AL 36109",$875/mo,3bd,2ba,No Data
"596 Kincaid Cove Ln Odenville, AL 35120","$1,445/mo",3bd,2ba,"1,408 sqft"
"317 Camden Cove Cir Calera, AL 35040","$1,500/mo",3bd,2ba,"1,340 sqft"
"3844 67th Ave Tuscaloosa, AL 35401","$1,150/mo",3bd,1.5ba,"1,236 sqft"
"4849 Longmeadow Dr Bessemer, AL 35022","$1,650/mo",3bd,2ba,"1,486 sqft"
"20336 Glacier Park Cir Eagle River, AK 99577","$2,400/mo",3bd,3ba,"2,028 sqft"
"8560 Blackberry St   #2 Anchorage, AK 99502","$1,295/mo",2bd,1ba,900 sqft
"1385 W  University Ave  #6-244 Flagstaff, AZ 86001","$1,800/mo",2bd,2ba,906 sqft
"Callia Phoenix, AZ 85013","$1,595 - $4,540/mo",Studio-3bd,1-2ba,No Data
"MAA Fountainhead Tempe, AZ 85282","$1,473 - $2,028/mo",1-2bd,1-2ba,No Data
"Sage Stone at Arrowhead Apartments Glendale, AZ 85308","$1,509 - $2,129/mo",1-3bd,1-2ba,No Data
"3485 S  162nd Ln Goodyear, AZ 85338","$1,995/mo",3bd,2ba,"1,454 sqft"
"605 E  A St Mohave Valley, AZ 86440",$950/mo,1bd,1ba,696 sqft
"Agave 350 Tucson, AZ 85701","$1,250 - $1,999/mo",1-2bd,1-2ba,No Data
"630-650 E. Elm St. Tucson, AZ 85705","$1,300/mo",2bd,2ba,No Data
"916 N  Camino Seco #F Tucson, AZ 85710",$895/mo,1bd,1ba,470 sqft
"3303 N  Tyndall Ave  #1 Tucson, AZ 85719","$1,675/mo",3bd,2ba,"1,148 sqft"
"42980 W  Blazen Trl Maricopa, AZ 85138","$1,650/mo",3bd,2ba,"1,533 sqft"
"445 E  Kelsi Ave San Tan Valley, AZ 85140","$1,975/mo",4bd,2.5ba,"2,435 sqft"
"44845 W  Sage Brush Dr Maricopa, AZ 85139","$1,804/mo",4bd,2ba,"1,745 sqft"
"4439 W  Maggie Dr San Tan Valley, AZ 85142","$2,500/mo",5bd,3ba,"2,928 sqft"
"3330 Chimney Rock Ln Sedona, AZ 86336","$3,250/mo",3bd,2ba,"1,640 sqft"
"12599 S  Cortez Ave Yuma, AZ 85365","$1,600/mo",4bd,2ba,"2,280 sqft"
"8 Windermere Ln Bella Vista, AR 72715","$2,600/mo",3bd,2ba,"1,920 sqft"
"1818 Burns Cir  #X Jonesboro, AR 72404",$750/mo,2bd,1ba,900 sqft
"1720 Isabella Rd Conway, AR 72032","$1,295/mo",4bd,2ba,"1,476 sqft"
"142 Blue Heron Dr Hot Springs, AR 71913","$4,000/mo",4bd,3ba,"4,200 sqft"
"The Villa at River Pointe Drive Maumelle, AR 72113","$1,085 - $1,617/mo",1-2bd,1-2ba,No Data
"5005 Gum Springs Rd Little Rock, AR 72209","$1,025/mo",3bd,1.5ba,"1,059 sqft"
"11309 Jamestown Dr Little Rock, AR 72211","$1,850/mo",3bd,2.5ba,"2,000 sqft"
"14920 Parkway Meadows Dr Alexander, AR 72002","$1,795/mo",4bd,2ba,No Data
"360 Captain Hopkins St Prairie Grove, AR 72753","$1,650/mo",3bd,2ba,"1,511 sqft"
"922 W  15th St Fayetteville, AR 72701","$1,100/mo",2bd,2ba,980 sqft
"MacArthur Commons Oakland, CA 94609","$1,968 - $3,666/mo",Studio-2bd,1-2ba,No Data
"24072 and 24074 Park Street Hayward, CA 94541","$1,900/mo",1bd,1ba,No Data
"3328 Courtland Ave Oakland, CA 94619","$2,070/mo",1bd,1ba,500 sqft
"2401 Scenic Ave Oakland, CA 94602","$2,550/mo",2bd,1ba,800 sqft
"CA-0425 2351 Washington Avenue - G Oroville, CA 95966",$595/mo,Studio,0ba,No Data
"181 Bentwater Loop Chico, CA 95973","$2,850/mo",5bd,3.5ba,"2,671 sqft"
"Bel Air San Ramon, CA 94582","$1,949 - $3,229/mo",Studio-2bd,1-2ba,No Data
"335 Pebble Beach Dr Brentwood, CA 94513","$3,650/mo",4bd,3ba,"3,657 sqft"
"1515 Bissell Ave Richmond, CA 94801","$1,950/mo",2bd,1ba,909 sqft
"4474 Appian Way  #18 El Sobrante, CA 94803","$2,250/mo",2bd,1ba,720 sqft
"3900 Pioneer Trl South Lake Tahoe, CA 96150","$1,210/mo",1bd,1ba,No Data
"9718 N  Sierra Vista Ave Fresno, CA 93720","$2,400/mo",4bd,2ba,"1,870 sqft"
"3080 Peach Ave  #127 Clovis, CA 93612","$1,400/mo",2bd,1ba,914 sqft
"9831 N  Price Ave Fresno, CA 93720","$2,095/mo",3bd,2ba,"1,458 sqft"
"134 S  Locust St   #C Ridgecrest, CA 93555","$1,275/mo",3bd,3ba,"1,100 sqft"
"9515 Degranvelle Dr Bakersfield, CA 93311","$3,500/mo",3bd,2ba,"1,680 sqft"
"5224 Blanco Dr Bakersfield, CA 93307","$2,595/mo",4bd,3ba,"2,170 sqft"
"232 N  Lemoore Ave  #18A Lemoore, CA 93245","$1,850/mo",3bd,2.5ba,"1,388 sqft"
"The Studio North Hollywood, CA 91601","$3,450/mo",Studio,1ba,No Data
"Cosmo Lofts Los Angeles, CA 90028","$2,925 - $4,850/mo",Studio,1ba,No Data
"The Cleo Los Angeles, CA 90020","$2,007 - $2,870/mo",1-2bd,1-2ba,No Data
"The Esquire Los Angeles, CA 90057","$1,825/mo",1bd,1ba,No Data
"322 W  Wilson St   #101 Madera, CA 93638","$1,495/mo",3bd,2ba,No Data
"120 Sequoia Dr San Anselmo, CA 94960","$3,850/mo",2bd,2ba,"1,277 sqft"
"Bella Creek Rohnert Park, CA 94928","$1,950 - $3,600/mo",Studio-3bd,1-2ba,No Data
"713 Delaware Ave  #B Los Banos, CA 93635","$1,595/mo",2bd,1ba,736 sqft
"350ram Monterey, CA 93940","$1,875/mo",1bd,1ba,No Data
"Address Not Disclosed Royal Oaks, CA 95076","$7,500/mo",3bd,3ba,"2,072 sqft"
"1295 Rockland Dr Saint Helena, CA 94574","$32,000/mo",5bd,4.5ba,"5,217 sqft"
"Santa Maria Apartment Homes Irvine, CA 92606","$3,160 - $3,835/mo",2-3bd,2ba,No Data
"Huntington Vista Huntington Beach, CA 92646","$2,243 - $3,291/mo",1-3bd,1-2.5ba,No Data
"93 Pelican Ln Irvine, CA 92618","$9,500/mo",4bd,4.5ba,"3,396 sqft"
"Address Not Disclosed Dana Point, CA 92629","$15,000/mo",5bd,5ba,"5,438 sqft"
"193 Pleasant Ave Auburn, CA 95603","$1,800/mo",1bd,1ba,700 sqft
"1467 Barn Valley Ct Lincoln, CA 95648","$2,900/mo",2bd,2ba,"1,595 sqft"
"Canyon Terrace Apartments Folsom, CA 95630","$1,850 - $2,102/mo",1-2bd,1-2ba,No Data
"50657 Calle Carrasco Pkwy Coachella, CA 92236","$2,685/mo",4bd,2ba,"1,959 sqft"
"44704 Mumm St Temecula, CA 92592","$3,795/mo",6bd,3ba,"2,726 sqft"
"52727 Pine Cove Rd Idyllwild, CA 92549","$1,799/mo",2bd,1ba,"1,000 sqft"
"10911 Mendoza Rd Moreno Valley, CA 92557","$2,950/mo",5bd,3ba,"2,286 sqft"
"800J Lofts Sacramento, CA 95814","$2,130 - $2,844/mo",Studio-2bd,1-2ba,No Data
"955 Johnfer Way Sacramento, CA 95831","$2,125/mo",2bd,2ba,No Data
"7665 Par Pkwy Sacramento, CA 95828","$1,795/mo",2bd,1ba,940 sqft
"2552 Warrego Way Sacramento, CA 95826","$1,895/mo",3bd,2ba,"1,055 sqft"
"The Paseos at Montclair North Montclair, CA 91763","$2,013 - $2,171/mo",Studio-1bd,1ba,No Data
"7637 Pinot Pl Rancho Cucamonga, CA 91739","$3,600/mo",5bd,2.5ba,"2,286 sqft"
"7001 Church Ave Highland, CA 92346","$1,850/mo",2bd,1ba,975 sqft
"1051 Springfield St   #A Upland, CA 91786","$3,250/mo",3bd,2ba,"1,200 sqft"
"Marbella Apartment Homes Carlsbad, CA 92010","$2,710 - $3,610/mo",1-2bd,1-2ba,No Data
"Park View Hillcrest San Diego, CA 92103","$2,495/mo",1bd,1ba,No Data
"4407 Logan Ave  #2 San Diego, CA 92113","$1,800/mo",Studio,1ba,450 sqft
"114 Madison Ave  #C Chula Vista, CA 91910","$2,850/mo",2bd,1ba,800 sqft
"One Pine Street San Francisco, CA 94111","$3,667 - $5,600/mo",1-2bd,1-2ba,No Data
"2530 Fillmore St   #B San Francisco, CA 94115","$5,500/mo",2bd,2ba,950 sqft
"1754 Mission St   #2 San Francisco, CA 94103","$2,350/mo",1bd,1ba,464 sqft
"2130-2134 Mason St   #2130 San Francisco, CA 94133","$6,200/mo",3bd,2ba,"1,300 sqft"
"Address Not Disclosed Stockton, CA 95207","$3,200/mo",3bd,2ba,"1,638 sqft"
"2 bed, 1.0 bath, 961 sqft, $1,800 Stockton, CA 95204","$1,800/mo",2bd,1ba,No Data
"1577 S  Sherman St Mountain House, CA 95391","$1,600/mo",1bd,1ba,400 sqft
"664 Church St San Luis Obispo, CA 93401","$3,600/mo",3bd,1ba,No Data
"Franklin Street Apartment Homes Redwood City, CA 94063","$3,845 - $5,105/mo",2bd,2ba,No Data
"345 California Ave Moss Beach, CA 94038","$2,450/mo",1bd,1ba,550 sqft
"1707 Altschul Ave Menlo Park, CA 94025","$6,000/mo",3bd,3ba,"1,640 sqft"
"2140 Oakwood Dr   #B Palo Alto, CA 94303","$2,000/mo",Studio,1ba,400 sqft
"3375 Foothill Rd #922 Carpinteria, CA 93013","$4,700/mo",2bd,2ba,No Data
"1593 N  Refugio Rd Santa Ynez, CA 93460","$4,500/mo",3bd,2ba,"1,200 sqft"
"Plaza Riviera Santa Barbara, CA 93103","$3,028/mo",Studio,1ba,No Data
"Element Apartments Sunnyvale, CA 94086","$2,975/mo",2bd,1ba,No Data
"3932 Rivermark Plz  #3-ID834 Santa Clara, CA 95054","$4,490/mo",1bd,1ba,853 sqft
"2982 Magliocco Dr   #11 San Jose, CA 95128","$2,095/mo",1bd,1ba,No Data
"1164 McKay Dr San Jose, CA 95131","$4,697/mo",4bd,4ba,"2,170 sqft"
"106 Campbell St   #3 Santa Cruz, CA 95060","$3,300/mo",3bd,2ba,"1,200 sqft"
"1810 Continental St Redding, CA 96001","$1,585/mo",3bd,2ba,"1,504 sqft"
"1617 Valle Vista Ave Vallejo, CA 94589","$1,659/mo",2bd,1ba,800 sqft
"358 Tabor Ave  #523 Fairfield, CA 94533","$2,300/mo",2bd,2.5ba,"1,269 sqft"
"540 Fano Ln Sonoma, CA 95476","$10,000/mo",3bd,2ba,"1,644 sqft"
"600 Mission Blvd #12 Santa Rosa, CA 95409","$1,895/mo",2bd,1ba,No Data
"1118 Strawbridge Dr Newman, CA 95360","$2,300/mo",3bd,2.5ba,"2,300 sqft"
"24140 Craig Creek Ln   #B Red Bluff, CA 96080","$1,295/mo",2bd,1ba,"8,002 sqft"
"300 W  Tulare Ave Visalia, CA 93277","$1,250/mo",2bd,1ba,800 sqft
"413 Rancho Dr Ventura, CA 93003","$3,000/mo",2bd,1ba,880 sqft
"3076 Calle De Marejada Camarillo, CA 93010","$24,900/mo",6bd,5.5ba,"5,912 sqft"
"12317 Willow Hill Dr Moorpark, CA 93021","$3,995/mo",4bd,3ba,"2,701 sqft"
"614 Adams St   #3 Davis, CA 95616","$2,100/mo",3bd,1ba,No Data
"Madison Park Denver, CO 80233","$1,415 - $2,560/mo",Studio-3bd,1-2ba,No Data
"11287 Newark Ct Commerce City, CO 80022","$2,845/mo",4bd,2.5ba,"2,928 sqft"
"Address Not Disclosed Commerce City, CO 80022","$3,080/mo",3bd,3ba,"2,181 sqft"
"Forest Manor Denver, CO 80246","$1,250 - $1,495/mo",1-2bd,1ba,No Data
"5677 Park Place Ave #206D Greenwood Village, CO 80111","$1,995/mo",1bd,2ba,967 sqft
"3581 S  Olathe St Aurora, CO 80013","$2,395/mo",4bd,2ba,"1,732 sqft"
"6549 S  Clayton St Centennial, CO 80121","$1,380/mo",1bd,1ba,850 sqft
"2990 Shadow Creek Dr #308 Boulder, CO 80303","$3,500/mo",3bd,3ba,"1,400 sqft"
"450 Canadian Crossing Dr Longmont, CO 80504","$3,300/mo",3bd,2.5ba,"1,754 sqft"
"194 Artesian Dr   #11 Eldorado Springs, CO 80025","$1,650/mo",1bd,1ba,462 sqft
"Le Boulder Buddha Boulder, CO 80303","$4,900 - $4,960/mo",4bd,2-3ba,No Data
"1175 Golden Eagle Trl Crestone, CO 81131","$6,000/mo",2bd,2ba,"1,358 sqft"
"Airie Denver, CO 80247","$1,625 - $3,125/mo",Studio-3bd,1-3ba,No Data
"2733 Java Ct Denver, CO 80211","$3,400/mo",4bd,2ba,"2,048 sqft"
"2544 18th St Denver, CO 80211","$3,850/mo",3bd,2ba,"1,466 sqft"
"1 E  Bayaud Ave  #10 Denver, CO 80209","$1,381/mo",1bd,1ba,550 sqft
"21994 E  Bailey Pl Aurora, CO 80016","$4,600/mo",3bd,2ba,"2,403 sqft"
"3338 Youngheart Way Castle Rock, CO 80109","$3,800/mo",3bd,2.5ba,"2,961 sqft"
"1303 Soaring Eagle Dr Colorado Springs, CO 80915","$1,650/mo",2bd,1.5ba,960 sqft
"10332 Wrangell Cir Colorado Springs, CO 80924","$3,500/mo",5bd,4ba,"3,176 sqft"
"3835 Pony Tracks Dr Colorado Springs, CO 80922","$2,150/mo",4bd,3.5ba,"2,271 sqft"
"3271 Bewildering Hts Colorado Springs, CO 80908","$2,295/mo",3bd,2.5ba,"1,719 sqft"
"37 Kingfisher Poin #37 Fraser, CO 80442","$4,000/mo",3bd,2ba,"1,250 sqft"
"293 S  Hoyt St   #301 Denver, CO 80226","$2,250/mo",3bd,2ba,"1,522 sqft"
"7289 Union Ct Arvada, CO 80005","$2,895/mo",3bd,2ba,"1,500 sqft"
"8050 Iris St Arvada, CO 80005","$4,000/mo",5bd,4ba,"3,283 sqft"
"473 County Road 233 Durango, CO 81301","$1,975/mo",3bd,2ba,"1,302 sqft"
"2530 Wapiti Rd Fort Collins, CO 80525","$2,295/mo",4bd,2ba,"1,976 sqft"
"1012 Davidson Dr   #A Fort Collins, CO 80526","$1,750/mo",3bd,2.5ba,"1,200 sqft"
"20310 W  US Highway 160 Hwy  #66F Durango, CO 81303","$2,200/mo",2bd,2.5ba,"1,269 sqft"
"77 Wood Rd   #607 Snowmass Village, CO 81615","$60,000/mo",4bd,4ba,"2,626 sqft"
"508 Minnequa Ave  #3 Pueblo, CO 81004",$850/mo,1bd,1ba,400 sqft
"Westlake Apartments Greeley, CO 80634","$1,375 - $1,385/mo",2bd,1ba,No Data
"Address Not Disclosed Greeley, CO 80634","$1,050/mo",2bd,1ba,850 sqft
"20 Chestnut St   #B Greenwich, CT 06830","$2,500/mo",1bd,1ba,600 sqft
"58 Alberts Hill Rd Sandy Hook, CT 06482","$3,395/mo",3bd,2ba,"2,224 sqft"
"123 Pine St #1 Greenwich, CT 06830","$2,795/mo",2bd,1ba,"1,000 sqft"
"73 Sylvan Rd N Westport, CT 06880","$9,995/mo",4bd,4.5ba,"3,561 sqft (on 1.66 acres)"
"241 Asylum St   #401 Hartford, CT 06103","$2,000/mo",2bd,1ba,"1,750 sqft"
"37 Kenyon St Hartford, CT 06105","$1,195/mo",1bd,1ba,750 sqft
"255 Allen St   #8 New Britain, CT 06053","$1,325/mo",2bd,1.5ba,"1,250 sqft"
"130 Church St Torrington, CT 06790","$1,250/mo",2bd,1ba,600 sqft
"Halstead Milford Milford, CT 06460","$1,895 - $2,750/mo",1-2bd,1-2ba,No Data
"137 Central Ave  #2 Waterbury, CT 06702","$1,350/mo",3bd,1ba,"1,000 sqft"
"38 Foxon St   #2 New Haven, CT 06513","$2,100/mo",3bd,1ba,"1,000 sqft"
"92 Limewood Ave #B12 Branford, CT 06405","$2,500/mo",2bd,1.5ba,"1,429 sqft"
"7 Liberty St   #3 Pawcatuck, CT 06379","$1,850/mo",3bd,1ba,"1,500 sqft"
"62 Perry Hill Rd   #2B Ashford, CT 06278","$1,700/mo",2bd,1ba,No Data
"203 Porter St Wilmington, DE 19805","$1,200/mo",2bd,1ba,850 sqft
"28751 Valley View Ln Lewes, DE 19958","$2,350/mo",3bd,2ba,"1,810 sqft"
"The Statesman Washington, DC 20006","$1,765 - $2,639/mo",Studio-1bd,1ba,No Data
"Embassy Tower Apartments Washington, DC 20009","$1,678 - $3,199/mo",Studio-2bd,1ba,No Data
"1500 Pennsylvania Ave SE #201 Washington, DC 20003","$2,500/mo",2bd,1ba,687 sqft
"1309 E St   SE #7 Washington, DC 20003","$5,490/mo",4bd,3.5ba,"2,256 sqft"
"432 NW 9th St Gainesville, FL 32601","$1,100/mo",2bd,1ba,546 sqft
"2 bed, 2.5 bath, 992 sqft, $1,300 Gainesville, FL 32608","$1,300/mo",2bd,2.5ba,No Data
"4330 Bylsma Cir Panama City, FL 32404","$2,100/mo",3bd,2ba,"1,835 sqft"
"6411 Lenawee St Callaway, FL 32404","$1,150/mo",2bd,1.5ba,"1,000 sqft"
"Address Not Disclosed Cape Canaveral, FL 32920","$1,200/mo",1bd,1ba,600 sqft
"940 Allendale St Titusville, FL 32796","$1,740/mo",3bd,1ba,"1,066 sqft"
"7584 Loren Cove Dr   #7584 Melbourne, FL 32940","$3,200/mo",3bd,2ba,"2,071 sqft"
"4696 Alfred St Cocoa, FL 32927","$2,000/mo",3bd,2ba,"1,652 sqft"
"Eon Squared Fort Lauderdale, FL 33304","$2,234 - $3,379/mo",Studio-2bd,1-2ba,No Data
"6620 NW 29th Ct Fort Lauderdale, FL 33313","$2,845/mo",3bd,2ba,"1,592 sqft"
"2340 Farragut St Hollywood, FL 33020","$4,950/mo",4bd,2ba,"1,599 sqft"
"2830 NE 55th St Fort Lauderdale, FL 33308","$12,000/mo",3bd,3ba,"2,381 sqft"
"26352 Barbinos Dr Punta Gorda, FL 33983","$2,739/mo",3bd,2ba,"1,796 sqft"
"5115 Melbourne St   #3303 Punta Gorda, FL 33980","$5,500/mo",3bd,2.5ba,"1,759 sqft"
"155 N  East Ave Inverness, FL 34453",$400/mo,2bd,1ba,672 sqft
"409 Southwood Way Orange Park, FL 32065","$2,050/mo",3bd,2ba,"1,395 sqft"
"423 Janell Dr Orange Park, FL 32073","$1,850/mo",4bd,2ba,"1,660 sqft"
"200 Copperfield Ct Marco Island, FL 34145","$18,000/mo",3bd,3ba,"2,363 sqft"
"930 Marble Dr Naples, FL 34104","$8,400/mo",3bd,2ba,"1,850 sqft"
"910 Vanderbilt Beach Rd   #311W Naples, FL 34108","$7,500/mo",2bd,2ba,"1,336 sqft"
"7819 Regal Heron Cir  #8-104 Naples, FL 34104","$4,000/mo",2bd,2ba,"1,304 sqft"
"Barlow Jacksonville, FL 32207","$1,676 - $2,950/mo",1-3bd,1-2ba,No Data
"2520 Hiland St Jacksonville, FL 32204","$1,395/mo",3bd,1ba,884 sqft
"6645 Talking Tree Ct Jacksonville, FL 32205","$1,617/mo",4bd,2.5ba,"1,567 sqft"
"8063 Macdougall Dr E Jacksonville, FL 32244","$1,705/mo",3bd,2ba,"1,425 sqft"
"10348 Foggy Bottom Rd Pensacola, FL 32507","$2,395/mo",3bd,2ba,"2,345 sqft"
"360 S  C St Pensacola, FL 32502","$1,200/mo",3bd,1.5ba,"1,100 sqft"
"8241 Squire Rd Pensacola, FL 32514","$2,000/mo",4bd,2ba,"2,023 sqft"
"2 Uniondale Pl   #B Palm Coast, FL 32164","$1,625/mo",3bd,2ba,"1,287 sqft"
"The Oasis at 1800 Tallahassee, FL 32308","$1,465 - $1,575/mo",1-3bd,1-2ba,No Data
"1069 Shenandoah Ln Spring Hill, FL 34606","$2,050/mo",3bd,2ba,"1,932 sqft"
"626 S  Broad St   #1B Brooksville, FL 34601",$795/mo,1bd,1ba,No Data
"SkyHouse Channelside Tampa, FL 33602","$2,163 - $4,218/mo",Studio-3bd,1-3ba,No Data
"4309 Shadberry Dr Tampa, FL 33624","$2,100/mo",3bd,2.5ba,"1,498 sqft"
"1820 W  Morrison Ave Tampa, FL 33606","$5,950/mo",3bd,3.5ba,"2,836 sqft"
"1901 Saddle Lake Pl Brandon, FL 33511","$2,200/mo",3bd,2ba,"1,616 sqft"
"5745 Marina Dr Sebastian, FL 32958","$2,400/mo",2bd,2ba,"1,060 sqft"
"760 15th Ave Vero Beach, FL 32962","$2,195/mo",3bd,2ba,"1,278 sqft"
"35221 W  Griffin Dr Fruitland Park, FL 34731","$2,285/mo",3bd,2ba,"1,891 sqft"
"1218 Liberty Ave Mount Dora, FL 32757","$2,350/mo",2bd,2ba,"1,400 sqft"
"Cortland Mirror Lake Apopka, FL 32703","$1,437 - $2,230/mo",Studio-3bd,1-2ba,No Data
"2304 NW 8th Ter Cape Coral, FL 33993","$2,445/mo",4bd,2ba,"1,730 sqft"
"2771 Royal Palm Ave  #101 Fort Myers, FL 33901","$1,375/mo",1bd,1ba,675 sqft
"16517 Calistoga Dr Bonita Springs, FL 34135","$6,500/mo",3bd,2.5ba,"2,199 sqft"
"The Pearl Founders Square Naples, FL 34120","$2,264 - $4,319/mo",1-3bd,1-2ba,No Data
"3410B Miami Dr Tallahassee, FL 32311",$875/mo,2bd,1ba,885 sqft
"MAA Lakewood Ranch Bradenton, FL 34202","$1,883 - $2,508/mo",1-3bd,1-2ba,No Data
"702 49th St E Bradenton, FL 34208","$2,850/mo",3bd,2ba,"1,586 sqft"
"4716 Cassio Ct Bradenton, FL 34211","$5,000/mo",3bd,3ba,"2,405 sqft"
"13827 Green Hammock Pl Bradenton, FL 34212","$4,500/mo",4bd,2.5ba,"2,574 sqft"
"8883 SW 94th Ln #G Ocala, FL 34481","$1,800/mo",2bd,2ba,"1,409 sqft"
"17281 SE 85th Willowick Cir The Villages, FL 32162","$4,200/mo",3bd,2ba,"1,500 sqft"
"196 SW Kanner Hwy Stuart, FL 34997","$6,000/mo",3bd,2ba,"1,200 sqft"
"2375 NE Ocean Blvd #E304 Stuart, FL 34996","$4,500/mo",2bd,2ba,"1,435 sqft"
"2425 Flamingo Pl   #6 Miami Beach, FL 33140","$2,600/mo",1bd,2ba,No Data
"28578 SW 131st Ct Homestead, FL 33033","$2,625/mo",3bd,2ba,"1,855 sqft"
"2020 N  Bayshore Dr #4502 Miami, FL 33137","$24,000/mo",4bd,4.5ba,"4,459 sqft"
"10300 SW 66th St   #107 Miami, FL 33173","$3,200/mo",3bd,2.5ba,"1,534 sqft"
"203 Atlantic Blvd Key Largo, FL 33037","$22,000/mo",4bd,2ba,No Data
"1820 Heartland Dr Fort Walton Beach, FL 32547","$1,950/mo",3bd,2ba,"1,247 sqft"
"728 Palm Blvd N  #1 Niceville, FL 32578","$1,750/mo",2bd,1.5ba,No Data
"Makara Orlando Orlando, FL 32817","$1,775 - $2,610/mo",1-3bd,1-2ba,No Data
"6964 Brescia Way Orlando, FL 32819","$3,900/mo",5bd,3ba,"3,047 sqft"
"4412 Seybold Ave Orlando, FL 32808","$1,950/mo",4bd,1.5ba,"1,184 sqft"
"1221 Berwyn Rd Orlando, FL 32806","$1,995/mo",3bd,2ba,"1,386 sqft"
"Heron Lake Kissimmee, FL 34741","$1,507 - $2,665/mo",1-3bd,1-2ba,No Data
"2950 Orangebud Dr Kissimmee, FL 34746","$2,500/mo",4bd,2.5ba,"2,787 sqft"
"2418 Berkshire Ct Kissimmee, FL 34746","$2,350/mo",3bd,2ba,"1,542 sqft"
"914R Halifax Dr Kissimmee, FL 34758","$2,110/mo",3bd,2ba,"1,450 sqft"
"Santorini Boynton Beach, FL 33426","$2,027 - $2,305/mo",1-2bd,1-2ba,No Data
"608 SE 3rd Ave Delray Beach, FL 33483","$3,000/mo",2bd,1ba,750 sqft
"9749 Court Of The Oranges Boca Raton, FL 33434","$3,625/mo",4bd,2ba,"2,112 sqft"
"610 Clematis St #426 West Palm Beach, FL 33401","$7,500/mo",2bd,2ba,"1,130 sqft"
"15458 Sweet Springs Bnd Odessa, FL 33556","$3,999/mo",5bd,3.5ba,"3,561 sqft"
"7420 Ivanhoe Dr Port Richey, FL 34668","$1,939/mo",3bd,2ba,"1,370 sqft"
"9611 Lake Chrise Ln Port Richey, FL 34668","$2,190/mo",4bd,2ba,"1,782 sqft"
"5308 Pilots Pl New Port Richey, FL 34652","$2,800/mo",2bd,2ba,"1,659 sqft"
"Peridot Palms Saint Petersburg, FL 33702","$1,619 - $2,892/mo",1-3bd,1-2ba,No Data
"2167 14th Ave S Saint Petersburg, FL 33712","$1,775/mo",2bd,1.5ba,938 sqft
"1470 Burnham Ln Dunedin, FL 34698","$3,445/mo",3bd,2ba,"2,281 sqft"
"5601 Bay St NE Saint Petersburg, FL 33703","$2,500/mo",3bd,2ba,"1,332 sqft"
"1335 Mitchell St Lakeland, FL 33801","$2,200/mo",4bd,2ba,"2,335 sqft"
"621 Montana Ave Lakeland, FL 33815","$1,200/mo",2bd,1ba,775 sqft
"1401 Punta Gorda Dr Poinciana, FL 34759","$2,170/mo",4bd,2ba,"2,630 sqft"
"3820 Red Oaks Ct Eagle Lake, FL 33839","$1,475/mo",2bd,1.5ba,"1,080 sqft"
"501 S  19th St Palatka, FL 32177","$1,195/mo",1bd,1ba,500 sqft
"57 Alemany Pl Saint Johns, FL 32259","$2,495/mo",3bd,2.5ba,"1,722 sqft"
"229 Moultrie Village Ln Saint Augustine, FL 32086","$1,850/mo",2bd,2.5ba,"1,372 sqft"
"420 Eagle Rock Dr Ponte Vedra, FL 32081","$4,295/mo",5bd,3ba,"3,034 sqft"
"2418 Harbour Cove Dr Hutchinson Island, FL 34949","$3,200/mo",3bd,2.5ba,"1,935 sqft"
"3120 N  Highway A1A #801 Hutchinson Island, FL 34949","$4,500/mo",3bd,2ba,"2,370 sqft"
"2112 Dunbrooke Cir Pt Saint Lucie, FL 34952","$7,000/mo",5bd,4ba,No Data
"4885 Timber Ridge Dr Pace, FL 32571","$2,500/mo",3bd,2ba,"2,001 sqft"
"8608 Lunar Skye St Sarasota, FL 34241","$3,200/mo",3bd,2.5ba,"1,373 sqft"
"7810 Holiday Dr Sarasota, FL 34231","$3,500/mo",2bd,2ba,"1,312 sqft"
"1860 Phillippi Shores Dr Sarasota, FL 34231","$1,590/mo",1bd,1ba,564 sqft
"226 Golden Gate Poin #63 Sarasota, FL 34236","$7,200/mo",3bd,3ba,"1,778 sqft"
"205 Marathon Ln Sanford, FL 32771","$2,460/mo",3bd,2ba,"1,751 sqft"
"715 Comanche St Oviedo, FL 32765","$2,745/mo",4bd,2ba,"2,120 sqft"
"606 Casa Park O Ct   #O Winter Springs, FL 32708","$1,895/mo",2bd,2.5ba,"1,156 sqft"
"10161 Mainsail Dr Oxford, FL 34484","$2,500/mo",2bd,2ba,"1,550 sqft"
"2369 Graham Ave Deltona, FL 32738","$1,985/mo",3bd,2ba,"1,388 sqft"
"740 S  Woodward Ave Deland, FL 32720","$2,200/mo",5bd,3ba,"1,546 sqft"
"3878 S  Atlantic Ave  #C Daytona Beach, FL 32118","$1,800/mo",2bd,1ba,833 sqft
"27 Goodall Ave Daytona Beach, FL 32118","$2,495/mo",3bd,2ba,"1,342 sqft"
"178 Date Palm Ln Freeport, FL 32439","$2,100/mo",3bd,2.5ba,"1,485 sqft"
"304 Township Ln Winder, GA 30680","$2,625/mo",4bd,3ba,"2,117 sqft"
"87 Moss Way Cartersville, GA 30120","$2,100/mo",4bd,2.5ba,"2,002 sqft"
"813 Forsyth St   #C Macon, GA 31201","$2,000/mo",2bd,2ba,"2,000 sqft"
"214 Circle Dr Statesboro, GA 30461","$1,500/mo",3bd,3ba,"2,370 sqft"
"116 Arborwood Way Temple, GA 30179","$1,795/mo",3bd,2ba,"1,782 sqft"
"10X Trellis Savannah, GA 31419","$1,385 - $1,755/mo",1-3bd,1-2ba,No Data
"1108 E  49th St Savannah, GA 31404","$3,200/mo",2bd,1ba,"1,600 sqft"
"Peacock Woods Columbus, GA 31906",$750/mo,2bd,1.5ba,No Data
"325 Old Bascomb Rd Acworth, GA 30102","$2,049/mo",3bd,2.5ba,"1,785 sqft"
"1022 Braddock Cir Woodstock, GA 30189","$1,850/mo",3bd,2ba,"1,496 sqft"
"2 bed, 1024 sqft, $1,325 Athens, GA 30607","$1,325/mo",2bd,2ba,No Data
"698 Redland Dr Jonesboro, GA 30238","$1,450/mo",2bd,2.5ba,"1,160 sqft"
"9359 Wood Knoll Ln Jonesboro, GA 30238","$1,599/mo",3bd,2ba,"1,175 sqft"
"8145 Sunnydale Ln Jonesboro, GA 30236","$1,650/mo",3bd,2ba,"1,386 sqft"
"Stillhouse Vinings Atlanta, GA 30339","$1,890 - $4,111/mo",1-3bd,1-2ba,No Data
"2582 Marleigh Farm Rd NW Kennesaw, GA 30152","$1,935/mo",3bd,2ba,"1,285 sqft"
"577 Westchester Cir Marietta, GA 30064","$2,195/mo",4bd,2ba,"1,800 sqft"
"659 Bonnie Dell Dr Marietta, GA 30062","$2,000/mo",3bd,2ba,"1,352 sqft"
"302 Browning Dr Grovetown, GA 30813","$1,200/mo",2bd,2ba,"1,092 sqft"
"215 Pinnacle Way Jasper, GA 30143","$2,500/mo",3bd,3ba,"1,812 sqft"
"1518 Vernon Blvd Atlanta, GA 30035","$1,950/mo",3bd,2.5ba,"1,386 sqft"
"355 Leland Ter Atlanta, GA 30317","$2,900/mo",2bd,2ba,"1,380 sqft"
"1275 Old Countryside Cir Stone Mountain, GA 30083","$2,150/mo",3bd,2ba,"1,507 sqft"
"1287 Euclid Ave Atlanta, GA 30307","$4,500/mo",4bd,2ba,"1,614 sqft"
"2217 Corkscrew Way Villa Rica, GA 30180","$2,320/mo",4bd,3ba,"2,257 sqft"
"6155 Knights Ln Douglasville, GA 30135","$1,545/mo",3bd,1.5ba,"1,280 sqft"
"The Carlyle at Godley Station Pooler, GA 31322","$1,350 - $2,070/mo",1-3bd,1-2ba,No Data
"8365 Hollowbrook Dr Riverdale, GA 30274","$1,965/mo",4bd,2.5ba,"2,204 sqft"
"4935 Bucknell Trce Cumming, GA 30028","$2,795/mo",4bd,2.5ba,"2,398 sqft"
"Morningside Atlanta by Windsor Atlanta, GA 30324","$1,655 - $2,830/mo",1-3bd,1-2ba,No Data
"743 @ Howell Mill Apartments Atlanta, GA 30318","$1,150 - $1,675/mo",Studio-2bd,1-2ba,No Data
"2299 Boulevard Granada SW Atlanta, GA 30311","$2,500/mo",3bd,2.5ba,"1,344 sqft"
"255 Taylor Meadow Chase Roswell, GA 30076","$2,750/mo",3bd,2.5ba,"1,912 sqft"
"118 Harbour Oaks Dr   #118 Saint Simons Island, GA 31522","$1,950/mo",3bd,2ba,"1,312 sqft"
"Govindappa 3133 A-B Snellville, GA 30078","$1,250/mo",2bd,1ba,No Data
"3495 Spring Mesa Dr Snellville, GA 30039","$2,595/mo",3bd,2.5ba,"2,945 sqft"
"4159 Medlock River Ct Snellville, GA 30039","$2,420/mo",4bd,2ba,"2,003 sqft"
"1350 Turner Rd   SW Lilburn, GA 30047","$2,500/mo",4bd,2ba,"1,978 sqft"
"7298 Spout Springs Rd Flowery Branch, GA 30542","$1,700/mo",3bd,2ba,No Data
"93 Miles Way Rockmart, GA 30153","$1,805/mo",4bd,2ba,"1,305 sqft (on 0.54 acres)"
"1208 Ithaca Dr McDonough, GA 30253","$2,430/mo",4bd,2.5ba,"2,663 sqft"
"95 Triple Crown Ln Ellenwood, GA 30294","$2,150/mo",4bd,2.5ba,"1,812 sqft (on 7.25 acres)"
"2825 Harcourt Dr Locust Grove, GA 30248","$1,995/mo",4bd,2.5ba,"2,436 sqft"
"43 Cascade Ct Hoschton, GA 30548","$2,525/mo",4bd,2.5ba,"2,095 sqft"
"1325 N  Franklin St   #E042 Dublin, GA 31021",$650/mo,3bd,2ba,960 sqft
"1319 S  Main Street Ext  #18 Hinesville, GA 31313",$800/mo,3bd,2ba,960 sqft
"705 W  Creek Cir Monroe, GA 30655","$1,645/mo",3bd,2ba,"1,204 sqft"
"3308 Woodlawn Ave Columbus, GA 31904","$1,275/mo",2bd,2ba,"1,524 sqft"
"100 Vinnys Way Covington, GA 30014","$2,050/mo",4bd,2ba,"1,885 sqft"
"345 Victoria Blvd Oxford, GA 30054","$1,685/mo",3bd,2ba,"1,283 sqft"
"427 Arrowhead Dr Dallas, GA 30132","$1,695/mo",3bd,2.5ba,"1,490 sqft"
"150 Saint Ann Cir Dallas, GA 30157","$1,795/mo",3bd,3ba,"1,969 sqft"
"44 China Rdg Dallas, GA 30157","$1,819/mo",3bd,2ba,"1,138 sqft"
"17 Towne Villas Dr Jasper, GA 30143","$1,950/mo",3bd,2.5ba,"1,750 sqft"
"1815 Lauren Ln Augusta, GA 30909","$1,625/mo",3bd,3ba,"1,524 sqft"
"2019 Bloomingdale St Augusta, GA 30906","$1,250/mo",3bd,1.5ba,"1,188 sqft"
"1168 Vaughn St Conyers, GA 30012","$1,450/mo",2bd,1ba,800 sqft
"507 Jefferson St Lagrange, GA 30240","$1,225/mo",2bd,1ba,"1,293 sqft"
"63 Perlieu Ct Hinesville, GA 31313","$2,200/mo",4bd,2.5ba,"1,928 sqft"
"520 Lunalilo Home Rd #6324 Honolulu, HI 96825","$2,700/mo",1bd,1ba,904 sqft
"92-1288 Kikaha St   #76-1 Kapolei, HI 96707","$3,000/mo",3bd,2.5ba,"1,306 sqft"
"2160 Maha Pl #2 Honolulu, HI 96819","$2,150/mo",2bd,1ba,600 sqft
"1778 Ala Moana Blvd #1011 Honolulu, HI 96815","$3,300/mo",1bd,1ba,650 sqft
"Harper Ridge Meridian, ID 83642","$1,639 - $1,776/mo",1-3bd,1-2ba,No Data
"5454 W  Grover St   #16 Boise, ID 83705","$1,795/mo",3bd,1.5ba,"1,200 sqft"
"883 E  Wandering Ln   #101 Kuna, ID 83634","$1,495/mo",2bd,2ba,866 sqft
"5801 W  Grunder Dr Boise, ID 83709","$2,800/mo",3bd,1ba,"1,100 sqft"
"592D Pheasant Ridge Dr Pocatello, ID 83202","$1,175/mo",2bd,1.5ba,"1,300 sqft"
"Cambridge Dorchester Apartments Boise, ID 83712","$1,325 - $1,525/mo",1-2bd,1-1.5ba,No Data
"2001 Lawrence Ln   #102 Blackfoot, ID 83221","$1,495/mo",3bd,2.5ba,"1,584 sqft"
"2508 N  Middleton Rd Nampa, ID 83651","$1,895/mo",3bd,2ba,"1,474 sqft"
"1205 S  Blaine St Moscow, ID 83843",$950/mo,2bd,1ba,900 sqft
"1410 1/2 E  Ash Ave Coeur D Alene, ID 83814","$1,495/mo",1bd,1ba,No Data
"308 S  3 W Sugar City, ID 83448","$1,750/mo",3bd,2.5ba,"1,630 sqft"
"431 Garfield Ave La Salle, IL 61301",$900/mo,2bd,1ba,945 sqft
"805 S  Lincoln Ave Urbana, IL 61801",$795/mo,1bd,1ba,500 sqft
"Orland Ridge Towns and Villas Orland Park, IL 60467","$3,000 - $3,445/mo",2-3bd,2-2.5ba,No Data
"MILA Chicago Chicago, IL 60601","$2,147 - $3,934/mo",Studio-2bd,1-2ba,No Data
"The Aberdeen West Loop Chicago, IL 60607","$1,950 - $4,455/mo",Studio-3bd,1-2ba,No Data
"1146 W. Morse Ave Chicago, IL 60626","$1,750/mo",2bd,2ba,No Data
"Brookdale on the Park Naperville, IL 60563","$1,608 - $2,204/mo",1-3bd,1-2ba,No Data
"5510 Pershing Ave Downers Grove, IL 60515","$2,547/mo",3bd,2ba,"1,266 sqft"
"Westwood Apartments - 37 Carbondale, IL 62903",$430/mo,Studio,1ba,No Data
"1750 N  Marywood Ave #516 Aurora, IL 60505",$950/mo,1bd,1ba,600 sqft
"1770 1st St   #505 Highland Park, IL 60035","$2,400/mo",2bd,2ba,No Data
"306 Somerset Ln   #306 Vernon Hills, IL 60061","$1,899/mo",2bd,1.5ba,"1,012 sqft"
"Lillian Street McHenry, IL 60050","$1,180/mo",2bd,1ba,No Data
"419 Meadow Dr Troy, IL 62294",$950/mo,2bd,1.5ba,800 sqft
"2916 NE Madison Ave Peoria, IL 61603",$850/mo,2bd,1ba,887 sqft
"Breckenridge Apartments Davenport, IA 52806",$695 - $825/mo,1-2bd,1ba,No Data
"1124 W  Calhoun Ave Springfield, IL 62702",$850/mo,2bd,1ba,No Data
"2721 W  Nebraska Ave Peoria, IL 61604","$1,350/mo",4bd,2ba,"1,950 sqft"
"14857 W  Victoria Crossing Way Lockport, IL 60441","$2,300/mo",2bd,1.5ba,"1,300 sqft"
"222 Hosmer St Loves Park, IL 61111","$1,700/mo",3bd,1.5ba,"1,612 sqft"
"801 McKinnie Ave Fort Wayne, IN 46806",$899/mo,3bd,1ba,"1,125 sqft"
"1121 Pearl St   #A Columbus, IN 47201",$899/mo,1bd,1ba,638 sqft
"202 S  Levy St Jasonville, IN 47438",$650/mo,2bd,1ba,912 sqft
"1415 W  Jackson St Muncie, IN 47303","$1,000/mo",3bd,1ba,"1,576 sqft"
"61108 Old County Road 17 #436 Goshen, IN 46526","$1,499/mo",4bd,2ba,"1,568 sqft"
"1516 Rolling Ridge Dr Noblesville, IN 46060","$1,525/mo",3bd,1.5ba,"1,601 sqft"
"12245 Pebble St #900 Fishers, IN 46038","$1,395/mo",2bd,1.5ba,"1,326 sqft"
"524 Runnymede Ct Greenfield, IN 46140","$1,691/mo",3bd,2.5ba,"2,034 sqft"
"37 Ashwood Cir Brownsburg, IN 46112","$1,735/mo",3bd,2ba,"1,328 sqft"
"634 Wooddale Ter  #2012 Greenwood, IN 46142",$825/mo,2bd,1.5ba,"1,013 sqft"
"Hampton in Highland Highland, IN 46322","$1,131 - $1,519/mo",1-2bd,1-2ba,No Data
"1302 Sycamore St Crown Point, IN 46307","$1,300/mo",2bd,1ba,690 sqft
"906 Ohio St   #1 Michigan City, IN 46360",$950/mo,3bd,1ba,"2,000 sqft"
"Pangea Vineyards Indianapolis, IN 46235","$607 - $1,208/mo",Studio-2bd,1ba,No Data
"7434 Melanie Ln Indianapolis, IN 46217","$1,400/mo",2bd,2.5ba,"1,152 sqft"
"5715 E  Greenfield Ave Indianapolis, IN 46219",$995/mo,3bd,1ba,No Data
"822 Christian Pl   #24 Indianapolis, IN 46204",$850/mo,1bd,1ba,415 sqft
"1 bed, 420 sqft, $730 Bloomington, IN 47408",$730/mo,1bd,0ba,No Data
"8027 Wagman St Camby, IN 46113","$2,300/mo",5bd,3ba,"2,736 sqft"
"1325 Manchester Dr South Bend, IN 46615","$1,260/mo",3bd,1ba,850 sqft
"White Oak Place Of Edinburg Edinburgh, IN 46124",$400/mo,1bd,1ba,No Data
"1129 Bayard Park Dr   #B Evansville, IN 47714",$725/mo,2bd,1ba,No Data
"Beautifully Restored Double in Excellent Neighborhood Richmond, IN 47374",$975/mo,3bd,1.5ba,No Data
"3501 Cobblestone Cir #2 Waterloo, IA 50701",$950/mo,2bd,1ba,987 sqft
"1275 S  91st St West Des Moines, IA 50266","$2,050/mo",3bd,3ba,"1,519 sqft"
"91 1/2 Main St   #1 Maxwell, IA 50161",$725/mo,1bd,1ba,No Data
"317 N  Lucas St Iowa City, IA 52245","$2,800/mo",4bd,2ba,"1,736 sqft"
"1349 Southview Cir Coralville, IA 52241","$1,350/mo",3bd,1.5ba,"1,120 sqft"
"3235 Pioneer Ave  SE #5 Cedar Rapids, IA 52403",$725/mo,2bd,1ba,No Data
"116 Lincoln Ave  #8 Lisbon, IA 52253",$750/mo,2bd,1ba,912 sqft
"1003 W  29th Ave Bellevue, NE 68005","$1,850/mo",3bd,2ba,"1,531 sqft"
"702 20th Street Des Moines, IA 50314","$800 - $1,250/mo",Studio-2bd,1ba,No Data
"1120 31st St Des Moines, IA 50311","$1,925/mo",4bd,1.5ba,"2,000 sqft"
"1338 W  Pleasant St Davenport, IA 52804","$1,295/mo",3bd,1ba,"1,399 sqft"
"520 S  4th St   #35 Ames, IA 50010",$650/mo,1bd,1ba,No Data
"729 E  Bever Dr Towanda, KS 67144",$900/mo,3bd,2ba,980 sqft
"809 Justin St Lawrence, KS 66049","$2,795/mo",4bd,3.5ba,"2,650 sqft"
"407 W  5th St Newton, KS 67114",$695/mo,2bd,1ba,"1,000 sqft"
"24340 W  57th St Shawnee, KS 66226","$2,295/mo",5bd,3ba,"2,170 sqft (on 0.32 acres)"
"721 N  Walnut St Olathe, KS 66061","$1,395/mo",2bd,1ba,900 sqft
"516 E  12th Ave  #5 Emporia, KS 66801",$425/mo,Studio,1ba,450 sqft
"915 Kearney St   #B Manhattan, KS 66502","$1,600/mo",4bd,2ba,"1,434 sqft"
"1015 Kearney St   #3B Manhattan, KS 66502",$895/mo,2bd,2ba,950 sqft
"2421 S. Yellowstone #1801 Wichita, KS 67215","$1,000/mo",2bd,1.5ba,No Data
"1809 N  Market St   #4 Wichita, KS 67214",$525/mo,1bd,1ba,500 sqft
"6445 E  Castle Dr Wichita, KS 67207",$637/mo,1bd,1ba,No Data
"274 N  6th St Kansas City, KS 66101","$1,000/mo",3bd,1ba,900 sqft
"Address Not Disclosed Danville, KY 40422","$1,500/mo",3bd,1ba,"1,343 sqft"
"1136 Park Ave  #1 Newport, KY 41071","$1,100/mo",1bd,1ba,700 sqft
"809 Mickey Ln Lexington, KY 40509","$1,595/mo",3bd,2.5ba,"1,468 sqft"
"525 Lucille Dr Lexington, KY 40511","$2,100/mo",4bd,3ba,"2,578 sqft"
"3014 Bodie Ct Richmond, KY 40475","$1,500/mo",3bd,2ba,"1,650 sqft"
"2100 S  Shelby St Louisville, KY 40217","$1,100/mo",2bd,1ba,"1,310 sqft"
"Brownsboro 16 LLC Louisville, KY 40206",$795/mo,1bd,1ba,No Data
"728 Zorn Ave  #5 Louisville, KY 40206","$1,250/mo",2bd,2ba,974 sqft
"7402 Maurer Ln Louisville, KY 40258","$1,700/mo",3bd,1.5ba,"1,350 sqft"
"18 Saratoga St   #401 Covington, KY 41011","$2,195/mo",2bd,2ba,No Data
"272 Emerson Bypass Rd   #BM-116 Russellville, KY 42276",$850/mo,3bd,2ba,960 sqft
"3800 Misty Grove Ct La Grange, KY 40031","$2,200/mo",3bd,2ba,"1,683 sqft"
"3654 Fox Tail Dr Clarksville, TN 37040","$1,895/mo",3bd,3.5ba,"1,933 sqft"
"Tapestry at Long Farm Baton Rouge, LA 70817","$1,259 - $1,835/mo",1-3bd,1-2ba,No Data
"1723 Clanton St Shreveport, LA 71108",$650/mo,2bd,1ba,950 sqft
"Pelican Place Lake Charles, LA 70607",$795/mo,2bd,1.5ba,No Data
"819 Southfield Rd Lake charles, LA 70605","$1,800/mo",3bd,2ba,"1,735 sqft"
"7072 Kodiak Dr Baton Rouge, LA 70810","$3,200/mo",3bd,2.5ba,"1,650 sqft"
"639 S  10th St Baton Rouge, LA 70802","$1,550/mo",3bd,2ba,"1,100 sqft"
"La Veranda at Polly Lane Lafayette, LA 70508","$1,295 - $1,625/mo",1-3bd,1-2ba,No Data
"1205 Haring Rd Metairie, LA 70001","$2,500/mo",3bd,2ba,"2,208 sqft"
"The Highrise Nola New Orleans, LA 70126",$850/mo,1bd,1ba,No Data
"101 Buddy Dr Lafayette, LA 70508","$1,995/mo",3bd,2ba,"2,284 sqft"
"1900 Howard Dr Monroe, LA 71201","$1,413/mo",3bd,2ba,"1,400 sqft"
"1139 Saint Andrew St New Orleans, LA 70130","$5,500/mo",2bd,1.5ba,"1,400 sqft"
"300 33rd St New Orleans, LA 70124","$3,500/mo",2bd,1.5ba,"1,300 sqft"
"2100 Saint Charles Ave #4J New Orleans, LA 70130","$1,800/mo",1bd,1ba,762 sqft
"330 Mound Ave New Orleans, LA 70124","$2,950/mo",3bd,2.5ba,"2,150 sqft"
"Forrest Park Apartments New Orleans, LA 70115",$865 - $925/mo,1bd,1ba,No Data
"921 4th St Morgan City, LA 70380",$900/mo,2bd,1ba,900 sqft
"1005 William Dr Slidell, LA 70460","$2,200/mo",4bd,2.5ba,"2,278 sqft"
"122 Senator Picard Dr Maurice, LA 70555","$2,000/mo",4bd,2ba,"2,014 sqft"
"Hiawatha Apartments Portland, ME 04101","$1,811 - $2,253/mo",1bd,1ba,No Data
"30 Day St   #2 South Portland, ME 04106","$2,600/mo",2bd,1ba,"1,100 sqft"
"21 Gold St   #4 Waterville, ME 04901","$1,100/mo",2bd,1ba,800 sqft
"37 Westwood Ave Millinocket, ME 04462","$1,000/mo",3bd,1ba,960 sqft
"19 Freeman St York, ME 03909","$2,500/mo",4bd,2ba,"1,338 sqft"
"Bayshore Landing Annapolis, MD 21401","$1,960 - $2,707/mo",1-2bd,1-2ba,No Data
"612 Marlboro Rd Glen Burnie, MD 21061","$2,500/mo",3bd,2.5ba,"1,344 sqft"
"Arbors at Baltimore Crossroads Middle River, MD 21220","$1,675 - $2,510/mo",1-2bd,1-2ba,No Data
"3131 Baybriar Rd Baltimore, MD 21222","$1,920/mo",3bd,1ba,"1,092 sqft"
"1712 Chesaco Ave Rosedale, MD 21237","$2,210/mo",3bd,1ba,"1,200 sqft"
"703 Robinwood Dr Mount Airy, MD 21771","$2,000/mo",3bd,2.5ba,"1,683 sqft"
"The Residences at the Manor Apartments Frederick, MD 21702","$1,630 - $2,290/mo",1-3bd,1-2ba,No Data
"4845 Limestone Ct Aberdeen, MD 21001","$2,200/mo",4bd,3.5ba,"1,320 sqft"
"8695 Manahan Dr Ellicott City, MD 21043","$2,500/mo",3bd,2.5ba,"1,700 sqft"
"Element 28 Bethesda, MD 20814","$2,541 - $5,323/mo",1-3bd,1-2ba,No Data
"5260 Pooks Hill Rd Bethesda, MD 20814","$3,500/mo",3bd,3.5ba,"2,168 sqft"
"1219 Maple Grove Ln Rockville, MD 20850","$3,500/mo",3bd,3.5ba,"2,560 sqft"
"Henson Creek Apartment Homes Temple Hills, MD 20748","$1,350 - $1,900/mo",1-3bd,1-1.5ba,No Data
"1413 Canadian Geese Ct Upper Marlboro, MD 20774","$3,250/mo",5bd,3.5ba,"1,900 sqft"
"4025 34th St Washington, MD 20712","$2,950/mo",3bd,2.5ba,"1,350 sqft"
"45 Charles St   #1 Solomons, MD 20688","$2,500/mo",2bd,2.5ba,"1,000 sqft"
"The Reserve at Parsons Lake Salisbury, MD 21804","$1,325 - $1,800/mo",1-3bd,1-2ba,No Data
"1935 Whistler Ave Baltimore, MD 21230","$1,440/mo",3bd,1ba,928 sqft
"3441 Chestnut Ave Baltimore, MD 21211","$3,480/mo",3bd,2.5ba,"3,000 sqft"
"1312 Patapsco St Baltimore, MD 21230","$3,297/mo",3bd,2.5ba,"2,176 sqft"
"251 Robert St   #6 Baltimore, MD 21217","$1,150/mo",1bd,1ba,750 sqft
"Avalon Easton South Easton, MA 02375","$2,335 - $3,945/mo",1-3bd,1-2.5ba,No Data
"Address Not Disclosed Taunton, MA 02780","$1,350/mo",1bd,2ba,"2,986 sqft"
"12 Madison St Newburyport, MA 01913","$3,600/mo",3bd,1ba,No Data
"381 S  Main St   #2 Haverhill, MA 01835","$2,000/mo",2bd,1ba,800 sqft
"25 Day Ave  #B Westfield, MA 01085","$1,800/mo",2bd,1ba,900 sqft
"Riverbend on The Charles Watertown, MA 02472","$2,185 - $3,470/mo",Studio-2bd,1-2ba,No Data
"148 Langdon Ave Watertown, MA 02472","$2,775/mo",3bd,1ba,No Data
"112 Bedford St Concord, MA 01742","$3,500/mo",3bd,2.5ba,"1,500 sqft"
"49 Warren Ave  #2 Waltham, MA 02452","$2,800/mo",2bd,1ba,No Data
"Village Green Apartments Plainville, MA 02762","$1,815 - $2,285/mo",Studio-2bd,1-1.5ba,No Data
"251 Winchester St Brookline, MA 02446","$6,500/mo",4bd,3ba,No Data
"99 Thornton Rd Chestnut Hill, MA 02467","$3,200/mo",2bd,1.5ba,950 sqft
"12 Sewall Ave  #5 Brookline, MA 02446","$2,325/mo",Studio,1ba,500 sqft
"150 Water St   #205 Plymouth, MA 02360","$2,800/mo",1bd,1ba,650 sqft
"The Alyx at EchelonSeaport Boston, MA 02210","$3,404 - $11,750/mo",Studio-3bd,1-3ba,No Data
"84 Fenway #31 Boston, MA 02115","$5,900/mo",4bd,2ba,"9,999 sqft"
"15 Saint Lukes Rd   #33 Allston, MA 02134","$3,300/mo",3bd,1ba,No Data
"601 Albany St   #Z Boston, MA 02118","$2,700/mo",Studio,1ba,565 sqft
"185 Canterbury St   #1 Worcester, MA 01603","$1,800/mo",2bd,1ba,950 sqft
"29 Euclid Ave  #2 Worcester, MA 01610","$1,699/mo",2bd,1ba,"1,200 sqft"
"2410 Cedar Walk Macatawa, MI 49434","$2,500/mo",4bd,2ba,"1,636 sqft"
"993 Michigan Ave  E  #G8 Battle Creek, MI 49014",$850/mo,2bd,1ba,No Data
"916 W  Ottawa St   #4 Lansing, MI 48915",$650/mo,1bd,1ba,730 sqft
"1113 Gilbert St Flint, MI 48532","$1,025/mo",2bd,1ba,"1,050 sqft"
"Studio, 350 sqft, $650 Lansing, MI 48910",$650/mo,Studio,1ba,No Data
"1205 W  Hillsdale St   #0 Lansing, MI 48915","$1,200/mo",3bd,1ba,"1,500 sqft"
"3421 W  Michigan Ave Kalamazoo, MI 49006","$2,250/mo",6bd,2.5ba,No Data
"1 bed, $795 Grand Rapids, MI 49503",$795/mo,1bd,1ba,No Data
"444 Bellewood St   SE #60 Grand Rapids, MI 49548","$1,629/mo",3bd,2ba,"1,276 sqft"
"745 Lyon St   NE #1 Grand Rapids, MI 49503","$1,650/mo",3bd,1ba,"1,080 sqft"
"61 Hunters Rill Lapeer, MI 48446",$846/mo,2bd,1ba,924 sqft
"176.5 Smith St Mount Clemens, MI 48043","$1,150/mo",1bd,1ba,"1,000 sqft"
"48288 Jefferson Ave Chesterfield, MI 48047","$1,999/mo",3bd,1ba,"1,400 sqft"
"31306 Nelson Dr Warren, MI 48088","$1,600/mo",3bd,2ba,"1,348 sqft"
"Redwood Midland Midland, MI 48642","$1,749 - $1,924/mo",2bd,2ba,No Data
"CiderMill Village Rochester, MI 48307","$1,737 - $2,519/mo",2-3bd,2-2.5ba,No Data
"417 W  Meyers Ave Hazel Park, MI 48030","$1,200/mo",3bd,1ba,900 sqft
"3372 Tremonte Cir N  #1 Rochester, MI 48306","$1,975/mo",2bd,2ba,"1,533 sqft"
"758 E  Fox Hills Dr   #758 Bloomfield Hills, MI 48304",$995/mo,1bd,1ba,727 sqft
"7493 Westlane Ave Jenison, MI 49428","$1,800/mo",3bd,1.5ba,"1,100 sqft"
"2675 Military St Port Huron, MI 48060",$775/mo,1bd,1ba,No Data
"The Villas at Northstar Ann Arbor, MI 48105","$1,700 - $2,255/mo",1-2bd,1-2ba,No Data
"217 S  Hamilton St Ypsilanti, MI 48197","$2,400/mo",2bd,1.5ba,936 sqft
"47808 Pembroke Dr   #115 Canton, MI 48188","$1,750/mo",2bd,2ba,"1,385 sqft"
"18677 Coyle St Detroit, MI 48235","$1,265/mo",3bd,1ba,"1,033 sqft"
"322 Perry Pl   #2 Wyandotte, MI 48192",$775/mo,1bd,1ba,650 sqft
"1272 Norton Ave  NE Minneapolis, MN 55432","$1,650/mo",2bd,1ba,"1,232 sqft"
"Address Not Disclosed Chanhassen, MN 55317","$2,300/mo",4bd,2ba,"1,600 sqft"
"The Apex Burnsville, MN 55306","$1,325 - $1,831/mo",1-2bd,1-2ba,No Data
"419 Romeo Dr   #297 Lakeville, MN 55044","$1,850/mo",3bd,2ba,No Data
"Lilium Apartments Minneapolis, MN 55404",$899 - $919/mo,Studio,1ba,No Data
"Lume Minneapolis, MN 55414","$1,150/mo",Studio,1ba,No Data
"7709 Major Ave N Brooklyn Park, MN 55443","$2,495/mo",4bd,4ba,"2,420 sqft"
"2707 Fremont Ave  S  #3 Minneapolis, MN 55408","$1,395/mo",3bd,2ba,"1,390 sqft"
"400 10th Ave  NW #4 Austin, MN 55912",$795/mo,2bd,1ba,650 sqft
"3833 4th Pl NW Rochester, MN 55901","$1,495/mo",3bd,1ba,"1,148 sqft"
"South Highland Saint Paul, MN 55116","$1,070/mo",1bd,1ba,No Data
"1698 Hewitt Ave Saint Paul, MN 55104","$2,650/mo",5bd,2ba,No Data
"903 Marion St Saint Paul, MN 55117","$1,950/mo",4bd,2ba,"1,604 sqft"
"432 N  7th Ave  E  #1BA-2 Duluth, MN 55805","$2,400/mo",2bd,1ba,750 sqft
"Grand River Estates Saint Cloud, MN 56301","$1,080 - $1,810/mo",1-3bd,1-2ba,No Data
"6679 93rd St   S Cottage Grove, MN 55016","$3,200/mo",4bd,3ba,"2,284 sqft"
"10065 42nd St NE Saint Michael, MN 55376","$2,460/mo",5bd,4ba,"3,173 sqft"
"3565 Carroll Dr Horn Lake, MS 38637","$1,445/mo",3bd,1.5ba,"1,120 sqft"
"5268 Ross Rd Memphis, TN 38141","$1,685/mo",3bd,2ba,"1,576 sqft"
"15061 Rosewood St Gulfport, MS 39503","$2,000/mo",3bd,2ba,"1,306 sqft"
"110 Glendale St Clinton, MS 39056","$1,365/mo",3bd,2ba,"1,300 sqft"
"207 S  19th Ave Hattiesburg, MS 39401","$1,100/mo",3bd,1ba,"1,116 sqft"
"158 Graduate Hill Dr Starkville, MS 39759",$900/mo,1bd,1ba,770 sqft
"1410 S  Davis St Kirksville, MO 63501",$825/mo,3bd,1.5ba,"1,938 sqft"
"1503 Lurlyn Dr Poplar Bluff, MO 63901","$1,500/mo",3bd,2ba,"1,700 sqft"
"2 bed, $750 Belton, MO 64012",$750/mo,2bd,1ba,No Data
"Staley Crossing Kansas City, MO 64155","$1,757 - $1,802/mo",3bd,2-2.5ba,No Data
"5032 NE 56th Ter Kansas City, MO 64119","$1,500/mo",3bd,1ba,894 sqft
"1387 S  Normandy Ave Republic, MO 65738","$1,425/mo",3bd,2ba,"1,340 sqft"
"Walnut Place Apartments Springfield, MO 65806",$575 - $800/mo,1-2bd,1ba,No Data
"1705 N  Blue Mills Rd Independence, MO 64056","$1,845/mo",3bd,2ba,"2,064 sqft"
"11001 E  59th St Raytown, MO 64133","$1,695/mo",3bd,2ba,"2,160 sqft"
"9408 Manchester Ave Kansas City, MO 64138","$1,275/mo",3bd,1ba,No Data
"2014 E  48th Ter Kansas City, MO 64130","$1,295/mo",3bd,1ba,"1,000 sqft"
"Oakbrook Gardens Saint Louis, MO 63129","$715 - $1,055/mo",1-3bd,1-2ba,No Data
"4800 Eagleview Dr Osage Beach, MO 65065","$1,500/mo",2bd,2ba,"1,300 sqft"
"1935 NW 82nd Ter Kansas City, MO 64151","$1,945/mo",3bd,3.5ba,"1,965 sqft"
"506 Palisades Dr Saint Charles, MO 63301","$1,995/mo",2bd,2.5ba,"1,900 sqft"
"2910 Championship Blvd Saint Louis, MO 63129","$3,000/mo",4bd,3.5ba,"1,980 sqft"
"2950 Kincaid Ave Saint Louis, MO 63114",$900/mo,1bd,1ba,728 sqft
"10 Bonnie Ct Florissant, MO 63033","$1,745/mo",4bd,2ba,"1,538 sqft"
"7169 Lyndover Pl   #B2 Saint Louis, MO 63143",$850/mo,2bd,1ba,No Data
"610 Abby Ln #18 Branson, MO 65616","$1,300/mo",2bd,2ba,870 sqft
"2 bed, 2.5 bath, 1200 sqft, $1,795 Saint Louis, MO 63108","$1,795/mo",2bd,2.5ba,No Data
"6420-6422 Hampton Ave. Saint Louis, MO 63109",$900/mo,1bd,1ba,No Data
"6529 Clayton Ave  #2W Saint Louis, MO 63139","$1,400/mo",2bd,1ba,"1,100 sqft"
"4141 Oregon Ave  #2 Saint Louis, MO 63118",$650/mo,1bd,1ba,No Data
"1020 Helena Flats Rd   #B Kalispell, MT 59901","$1,400/mo",2bd,1ba,"1,200 sqft"
"510 Nucleus Ave Columbia Falls, MT 59912","$1,950/mo",2bd,2ba,No Data
"Nexus Point Apartments Bozeman, MT 59715","$2,100 - $2,610/mo",2bd,1-2ba,No Data
"626 S  38th St W  #6 Billings, MT 59102","$2,150/mo",3bd,1.5ba,"1,750 sqft"
"The Duke Omaha Omaha, NE 68132","$1,120 - $1,920/mo",Studio-2bd,1-2ba,No Data
"Studio, 1389 sqft, $1,300 Omaha, NE 68131","$1,300/mo",Studio,1ba,No Data
"810 N  107th Ave  #401 Omaha, NE 68114","$1,200/mo",3bd,2ba,"1,000 sqft"
"WH Flats Lincoln, NE 68516","$1,645 - $2,305/mo",2-3bd,2ba,No Data
"6841 Colfax Ave  #6841 Lincoln, NE 68507",$625/mo,1bd,1ba,400 sqft
"1004 W  Maple Ave Norfolk, NE 68701","$3,295/mo",3bd,2ba,"1,965 sqft"
"1777 Canal Dr Fernley, NV 89408","$2,100/mo",4bd,3ba,"2,054 sqft"
"Ascend at Valley Vista North Las Vegas, NV 89084","$1,460 - $2,348/mo",1-3bd,1-2ba,No Data
"475 Mission Springs St Henderson, NV 89052","$2,750/mo",3bd,2ba,"1,766 sqft"
"2013 Monterey Ave Las Vegas, NV 89104","$1,990/mo",5bd,2.5ba,"2,218 sqft"
"5053 Diamond Ranch Ave Las Vegas, NV 89131","$1,890/mo",3bd,3ba,"1,725 sqft"
"1241 Vondell Dr   #4 Pahrump, NV 89048",$695/mo,1bd,1ba,480 sqft
"10640 Arbor Way Reno, NV 89521","$3,400/mo",3bd,2ba,"1,593 sqft"
"2635 Rayma Ct Reno, NV 89503","$2,299/mo",3bd,2.5ba,"1,580 sqft"
"5865 Mitra Way Reno, NV 89523","$3,850/mo",3bd,2ba,"1,699 sqft"
"7419 Europa Dr Sparks, NV 89436","$2,400/mo",4bd,2ba,"2,107 sqft"
"14 Pine St Keene, NH 03431","$2,500/mo",3bd,1ba,"1,028 sqft"
"42 Belmont St   #2 Manchester, NH 03103","$1,850/mo",2bd,1ba,"1,250 sqft"
"117 Cluff Crossing Rd #3 Salem, NH 03079","$2,200/mo",2bd,1ba,912 sqft
"116 S  Massachusetts Ave  #1 Atlantic City, NJ 08401","$1,250/mo",1bd,1ba,No Data
"227 N  Union Ave Margate City, NJ 08402","$30,000/mo",3bd,1.5ba,No Data
"Rutherford Station East Rutherford, NJ 07073","$2,454 - $4,069/mo",1-2bd,1-2ba,No Data
"53 Akers Ave Montvale, NJ 07645","$2,500/mo",2bd,1ba,"1,050 sqft"
"8 Vincent St Hillsdale, NJ 07642","$4,700/mo",4bd,2.5ba,"2,400 sqft"
"Ramblewood Village Mount Laurel, NJ 08054","$1,595 - $2,585/mo",1-3bd,1-2ba,No Data
"Audubon Arms Audubon, NJ 08106","$1,160 - $1,635/mo",Studio-2bd,1ba,No Data
"SDG Ridge Avenue Residences Philadelphia, PA 19130","$1,700 - $2,050/mo",1-2bd,1-2ba,No Data
"The Regis West Orange West Orange, NJ 07052","$1,595/mo",1bd,1ba,No Data
"42 Norfolk St   #13 Newark, NJ 07103","$1,999/mo",1bd,1ba,925 sqft
"90 Ridge Ave  #2 West Orange, NJ 07052","$3,100/mo",4bd,2ba,No Data
"146 Goodwin Ave  #2 Newark, NJ 07112","$2,700/mo",5bd,1ba,No Data
"110 State St Glassboro, NJ 08028","$3,000/mo",5bd,2ba,"1,928 sqft"
"The Enclave Jersey City, NJ 07306","$2,990 - $4,455/mo",1-2bd,1-2ba,No Data
"33 Claremont Ave  #2 Jersey City, NJ 07305","$3,400/mo",3bd,2ba,No Data
"295 Terrace Ave  #1 Jersey City, NJ 07307","$4,600/mo",3bd,3ba,No Data
"Address Not Disclosed West New York, NJ 07093","$2,350/mo",1bd,1.5ba,860 sqft
"Carlton Apartments Trenton, NJ 08618","$1,605 - $1,805/mo",1-2bd,1ba,No Data
"Avenue & Green Woodbridge, NJ 07095","$2,163 - $3,030/mo",1-2bd,1-2ba,No Data
"42 S  Main St Cranbury, NJ 08512","$4,300/mo",4bd,2ba,"2,103 sqft"
"118 Henderson Rd Kendall Park, NJ 08824","$4,500/mo",5bd,4.5ba,"4,121 sqft"
"227 16th Ave  #1 Belmar, NJ 07719","$14,000/mo",3bd,1.5ba,"1,087 sqft"
"1306 Mattison Ave Asbury Park, NJ 07712","$1,450/mo",1bd,1ba,No Data
"The Residence at Old York Village Chesterfield, NJ 08515","$2,275/mo",2bd,2ba,No Data
"29 Nicole Ln Parsippany, NJ 07054","$4,500/mo",4bd,2ba,No Data
"34 Main St   #3B Toms River, NJ 08753","$1,565/mo",1bd,1ba,750 sqft
"2 bed, 1.0 bath, $1,450 Paterson, NJ 07501","$1,349 - $1,450/mo",2bd,1ba,No Data
"368 11th Ave Paterson, NJ 07514","$1,900/mo",3bd,1ba,"1,672 sqft"
"Address Not Disclosed Franklin Park, NJ 08823","$4,400/mo",4bd,3ba,"3,500 sqft"
"Parsippany Gardens Parsippany, NJ 07054","$1,657 - $2,238/mo",Studio-1bd,1ba,No Data
"85 Briarwood Path #85 Clark, NJ 07066","$2,400/mo",2bd,2ba,"1,100 sqft"
"555 Cumberland St   #2 Westfield, NJ 07090","$3,000/mo",3bd,2ba,No Data
"Rural living with City Convenience At Your Fingertips! Albuquerque, NM 87105","$1,335/mo",2bd,1ba,No Data
"219 Central Ave NW #507 Albuquerque, NM 87102","$4,000/mo",1bd,1.5ba,"1,800 sqft"
"300 La Fonda Dr Roswell, NM 88201","$1,600/mo",3bd,1.5ba,"1,400 sqft"
"Northbrook Carlsbad, NM 88220",$800/mo,1bd,1ba,No Data
"5319 Mayhill Pl NE Rio Rancho, NM 87144","$1,900/mo",4bd,2.5ba,"1,967 sqft"
"1319 Delicado Ln   #A Taos, NM 87571","$2,250/mo",3bd,2ba,"1,460 sqft"
"125 N  Pine Ave Albany, NY 12203","$2,835/mo",5bd,2.5ba,"1,650 sqft"
"Hillcrest Village Apartment Homes Schenectady, NY 12309","$1,100 - $1,500/mo",1-2bd,1-2ba,No Data
"926 Bronx Park S  #3A Bronx, NY 10460","$1,772/mo",Studio,1ba,No Data
"744 Pugsley Ave Bronx, NY 10473","$3,200/mo",3bd,1ba,"2,100 sqft"
"300 Rano Blvd #5 Vestal, NY 13850","$1,200/mo",2bd,1ba,"1,000 sqft"
"616 Walberta Rd Syracuse, NY 13219","$2,250/mo",4bd,2ba,"1,600 sqft"
"15 Friendship Manor Rd Pine Hill, NY 12465","$1,200/mo",1bd,1ba,No Data
"100 Loudon Dr Fishkill, NY 12524","$3,500/mo",2bd,2ba,"2,694 sqft"
"65 Seminole Pkwy Buffalo, NY 14210","$1,250/mo",3bd,1ba,No Data
"310 Pennsylvania St   #1R Buffalo, NY 14201","$1,150/mo",1bd,1ba,850 sqft
"235 Wabash Ave  #1 Buffalo, NY 14217","$1,100/mo",2bd,1ba,"1,200 sqft"
"233 Robinson St   #1 Hudson, NY 12534","$3,000/mo",2bd,2ba,"1,245 sqft"
"160 Fenimore St   #2G Brooklyn, NY 11225","$2,395/mo",1bd,1ba,No Data
"196 Sackett St   #3F Brooklyn, NY 11231","$2,800/mo",1bd,1ba,No Data
"669 Hancock St   #1 Brooklyn, NY 11233","$6,000/mo",3bd,2.5ba,No Data
"218 Covert St   #2 Brooklyn, NY 11207","$4,200/mo",4bd,2ba,No Data
"168 Sterling St Watertown, NY 13601",$900/mo,1bd,1ba,700 sqft
"1378-1382 Dewey Ave Rochester, NY 14613","$1,295/mo",3bd,1ba,No Data
"89 Bonesteel St Rochester, NY 14615","$1,750/mo",3bd,1ba,"1,264 sqft"
"Harbor Landing Glen Cove, NY 11542","$2,562 - $5,718/mo",Studio-2bd,1-2ba,No Data
"Address Not Disclosed Westbury, NY 11590","$2,500/mo",2bd,1ba,No Data
"25 Morris St Freeport, NY 11520","$3,200/mo",2bd,1ba,No Data
"2166 Frederick Douglass Blvd #5F New York, NY 10026","$2,100/mo",1bd,1ba,No Data
"219 E  69th St   #1J New York, NY 10021","$6,900/mo",2bd,2ba,No Data
"400 W  56th St   #1A New York, NY 10019","$4,195/mo",2bd,1ba,No Data
"239 Park Ave  S  #11D New York, NY 10003","$6,295/mo",3bd,1ba,No Data
"1713 Pine Ave  #3 Niagara Falls, NY 14301",$600/mo,1bd,1ba,No Data
"Suburban Park Apartments Manlius, NY 13104","$1,400 - $1,600/mo",1-2bd,1ba,No Data
"113 Comstock Ave  #3 Syracuse, NY 13210","$1,050/mo",Studio,1ba,No Data
"THE REGENCY CLUB Middletown, NY 10940","$2,200 - $2,400/mo",1-2bd,1.5-2ba,No Data
"73 Webster Ave  #E Goshen, NY 10924","$1,775/mo",Studio,1ba,320 sqft
"Address Not Disclosed Morris, NY 13808",$750/mo,1bd,1ba,410 sqft
"50-46 45th St   #2 Woodside, NY 11377","$2,995/mo",3bd,1ba,900 sqft
"68-29 62nd St   #2L Ridgewood, NY 11385","$2,700/mo",3bd,2ba,No Data
"37-20 87th St #4G Jackson Heights, NY 11372","$2,100/mo",1bd,1ba,800 sqft
"11-44 44th Dr   #1-3 Long Island City, NY 11101","$2,400/mo",2bd,1ba,No Data
"198 Pawling Ave  #30 Troy, NY 12180","$1,200/mo",1bd,1ba,No Data
"118 Dawson Cir  #2F Staten Island, NY 10314","$3,000/mo",3bd,2.5ba,"1,900 sqft"
"Meridia Brownstones Rahway, NJ 07065","$2,050 - $2,595/mo",1-2bd,1ba,No Data
"Winners Circle Ballston Spa, NY 12020","$1,576 - $2,575/mo",1-3bd,1-2.5ba,No Data
"1425 State St   #2 Schenectady, NY 12304","$2,299/mo",3bd,1ba,"1,800 sqft"
"Nu Horizons Manor Copiague, NY 11726","$2,600 - $3,100/mo",1-2bd,1ba,No Data
"84 Route 114 East Hampton, NY 11937","$25,000/mo",3bd,2ba,"1,600 sqft"
"16 Canal Way Hampton Bays, NY 11946","$50,000/mo",5bd,3.5ba,"4,000 sqft"
"881 Burlingham Rd Pine Bush, NY 12566","$1,250/mo",1bd,1ba,500 sqft
"Address Not Disclosed Oliverea, NY 12410","$12,900/mo",6bd,6ba,"5,600 sqft"
"The View on Nob Hill Elmsford, NY 10523","$2,374 - $2,651/mo",1-2bd,1ba,No Data
"2 bed, 2.0 bath, 1346 sqft, $6,000 Mamaroneck, NY 10543","$6,000/mo",2bd,2ba,No Data
"303 Walnut St   #1 Yonkers, NY 10701","$2,700/mo",4bd,1ba,"1,350 sqft"
"834 Milan Ave Lumberton, NC 28358",$975/mo,3bd,2ba,924 sqft
"528 Sycamore Branch Rd Asheville, NC 28803","$2,600/mo",4bd,3ba,"1,746 sqft"
"51 Conestee St Asheville, NC 28801","$2,798/mo",3bd,2.5ba,"1,950 sqft"
"6735 Thistle Down Dr Harrisburg, NC 28075","$2,295/mo",5bd,3ba,"2,436 sqft"
"Highland Ridge Apartments Charlotte, NC 28269","$1,415 - $2,675/mo",1-3bd,1-2ba,No Data
"1438 6th Street Cir  NW Hickory, NC 28601","$3,200/mo",4bd,4ba,"3,200 sqft"
"128 Bruce St Fair Bluff, NC 28439","$1,000/mo",3bd,2ba,"1,216 sqft"
"6337 Lakehaven Dr Fayetteville, NC 28304","$1,600/mo",3bd,2.5ba,"1,600 sqft"
"183 Rosamond Dr Fayetteville, NC 28311",$850/mo,2bd,1ba,No Data
"3532 Old Vineyard Rd Winston Salem, NC 27103","$2,200/mo",3bd,2ba,"1,589 sqft"
"2819 Wyeth Ave Durham, NC 27707","$2,400/mo",6bd,2.5ba,"2,035 sqft"
"157 Night Tulip Pl Durham, NC 27703","$2,050/mo",3bd,3ba,"1,884 sqft"
"230 N  Sunset Dr Winston Salem, NC 27101","$2,300/mo",3bd,3ba,"1,575 sqft"
"2333 Autumn Mist Dr Winston Salem, NC 27103","$1,845/mo",3bd,2.5ba,"1,476 sqft"
"Capital Creek at Heritage Wake Forest, NC 27587","$1,355 - $1,968/mo",1-3bd,1-2ba,No Data
"116 N  Canyon Ridge Dr Mount Holly, NC 28120","$1,500/mo",2bd,2.5ba,"1,238 sqft"
"2328 W  Vandalia Rd #M Greensboro, NC 27407",$990/mo,2bd,2ba,871 sqft
"1923 Greenstone Pl High Point, NC 27265","$1,835/mo",4bd,2.5ba,"2,080 sqft"
"400 Edney Ridge Rd Greensboro, NC 27408","$1,800/mo",4bd,2ba,"1,400 sqft"
"16 Exie Pl Lillington, NC 27546","$1,629/mo",3bd,2ba,"1,393 sqft"
"615 Camden Rd Raeford, NC 28376","$1,820/mo",3bd,2.5ba,No Data
"142 N  Cromwell Dr Mooresville, NC 28115","$1,995/mo",3bd,2.5ba,"2,231 sqft"
"105 Relict Dr Clayton, NC 27527","$2,295/mo",3bd,2.5ba,"2,228 sqft"
"112 Anise Tree Way Clayton, NC 27527","$2,100/mo",4bd,3ba,"2,650 sqft"
"434 Secretariat Dr Iron Station, NC 28080","$2,500/mo",4bd,3ba,"2,436 sqft"
"Queen City Townes Charlotte, NC 28217","$2,265 - $2,700/mo",2-3bd,2.5-3.5ba,No Data
"3643 S  Tryon St Charlotte, NC 28217","$3,100/mo",3bd,4.5ba,"1,854 sqft"
"13634 Riding Hill Ave Charlotte, NC 28213","$1,795/mo",3bd,2.5ba,"1,660 sqft"
"4709 Brewer Dr Charlotte, NC 28208","$1,895/mo",4bd,2.5ba,"1,475 sqft"
"108 Silver Burn Pl Aberdeen, NC 28315","$2,500/mo",4bd,3ba,"2,570 sqft"
"1505 Corbett St Wilmington, NC 28401","$2,250/mo",3bd,2ba,"2,186 sqft"
"310 S  7th St Wilmington, NC 28401","$2,000/mo",3bd,2ba,"1,350 sqft"
"1129 Pueblo Dr Jacksonville, NC 28546","$1,000/mo",2bd,2.5ba,No Data
"113 Howell St   #A Chapel Hill, NC 27514","$3,000/mo",4bd,2ba,"1,800 sqft"
"3103-01 Sherwin Dr Greenville, NC 27834",$660/mo,1bd,1ba,630 sqft
"Address Not Disclosed Columbus, NC 28722","$4,000/mo",4bd,4ba,"3,330 sqft"
"808 Georgia Oak Ln Landis, NC 28088","$2,010/mo",3bd,2.5ba,"1,903 sqft"
"1127 Mountain Ridge Rd Rural Hall, NC 27045","$1,910/mo",3bd,2.5ba,"2,132 sqft"
"727 Skywatch Ln Monroe, NC 28112","$1,985/mo",3bd,2.5ba,"2,247 sqft"
"MAA Providence Raleigh, NC 27617","$1,313 - $1,838/mo",1-3bd,1-2ba,No Data
"366 W  Oak Ave #D Wake Forest, NC 27587","$1,400/mo",2bd,2ba,917 sqft
"7628 Birchmoor Way Raleigh, NC 27616","$3,135/mo",4bd,4.5ba,"2,814 sqft"
"107 Saint Johns St Knightdale, NC 27545","$1,860/mo",3bd,2.5ba,"1,456 sqft"
"100 N  Raiford St   #300 Selma, NC 27576","$1,595/mo",1bd,1ba,640 sqft
"5906 36th St   S Fargo, ND 58104","$1,895/mo",4bd,3.5ba,"2,200 sqft"
"Prairie Vista Williston, ND 58801","$725 - $1,180/mo",1-3bd,1-2ba,No Data
"3113-011 Minot, ND 58701","$1,395/mo",3bd,2.5ba,No Data
"2196 Marshall Ave  #1 Wheeling, WV 26003",$750/mo,2bd,1ba,950 sqft
"219 1/2 S  Western Ave Springfield, OH 45506",$700/mo,2bd,1ba,"1,200 sqft"
"Church and State Cleveland, OH 44113","$1,450 - $3,500/mo",Studio-3bd,1-2ba,No Data
"2104 Rossmoor Rd Cleveland Heights, OH 44118","$1,345/mo",4bd,1ba,"1,356 sqft"
"2341 Scranton Rd   #4 Cleveland, OH 44113","$2,700/mo",2bd,2ba,"1,481 sqft"
"701 W  Lakeside Ave #603 Cleveland, OH 44113","$3,000/mo",2bd,3ba,"1,651 sqft"
"729 Spring Valley Dr Lewis Center, OH 43035","$1,550/mo",2bd,2ba,"1,252 sqft"
"6862 Spring Bloom Dr Canal Winchester, OH 43110","$1,970/mo",3bd,2.5ba,"1,598 sqft"
"7922 Verandah Ct Powell, OH 43065","$1,400/mo",2bd,1.5ba,"1,000 sqft"
"2704 Moonlight Ln Columbus, OH 43207","$1,850/mo",3bd,3ba,"1,398 sqft"
"1659 Farberdale Dr Columbus, OH 43223","$2,040/mo",3bd,2.5ba,"1,956 sqft"
"4682 Julian Dr Columbus, OH 43227","$1,495/mo",3bd,2ba,"1,168 sqft"
"Red Bank Reserve Cincinnati, OH 45227","$935 - $1,210/mo",1-2bd,1ba,No Data
"8472 Saint Clair Ave Cincinnati, OH 45236","$2,040/mo",3bd,1ba,"1,409 sqft"
"1 Rennel Dr   #3 Cincinnati, OH 45226","$1,350/mo",2bd,1ba,950 sqft
"3672 Brotherton Rd   #1 Cincinnati, OH 45209","$1,495/mo",2bd,1ba,No Data
"Sterling Lakes Mason, OH 45040","$1,295 - $1,720/mo",1-2bd,1-2ba,No Data
"239 Courtland St Painesville, OH 44077","$1,400/mo",3bd,2ba,"1,300 sqft"
"1222 W  14th St Lorain, OH 44052",$797/mo,3bd,1ba,No Data
"1659 W  Bancroft St Toledo, OH 43606",$925/mo,3bd,1ba,"1,125 sqft"
"1539 Brooke Park Dr   #6 Toledo, OH 43612",$775/mo,2bd,1ba,687 sqft
"673 E  Reagan Pkwy #134 Medina, OH 44256","$2,200/mo",2bd,2ba,"1,080 sqft"
"202 Kenbrook Drive - 3 Vandalia, OH 45377",$950/mo,2bd,1ba,No Data
"37 Gebhart St Dayton, OH 45410","$1,300/mo",3bd,2ba,"1,372 sqft"
"The Reserve of Sugarcreek Dayton, OH 45431","$1,306 - $2,993/mo",1-3bd,1-2.5ba,No Data
"2 bed, 1.0 bath, $799 Ashland, OH 44805",$799/mo,2bd,1ba,No Data
"1810 Minerva Ct   NW #1810 Canton, OH 44709",$695/mo,1bd,1ba,800 sqft
"817 Biruta St Akron, OH 44307",$700/mo,2bd,1ba,720 sqft
"2517 30th St SW Akron, OH 44314",$895/mo,2bd,1ba,792 sqft
"1469 Hillcrest Ave  #50 Niles, OH 44446",$795/mo,1bd,1ba,No Data
"Washington Place Miamisburg, OH 45342","$985 - $1,710/mo",1-3bd,1-2.5ba,No Data
"2604 S  Fannin Ave Denison, TX 75020","$1,395/mo",3bd,2ba,"1,406 sqft"
"3809 Sara Park Dr Mustang, OK 73064","$1,800/mo",4bd,2ba,"1,614 sqft"
"3000 Chautauqua Ave #126 Norman, OK 73072",$650/mo,1bd,1ba,690 sqft
"1717 SW 32nd St Moore, OK 73160","$2,145/mo",4bd,2ba,"2,122 sqft"
"5648 Dunlin Rd Oklahoma City, OK 73179","$1,450/mo",3bd,2ba,"1,550 sqft"
"502B W  Loren Dr Siloam Springs, AR 72761","$1,250/mo",3bd,2ba,"1,316 sqft"
"318 S  12th St Fort Smith, AR 72901",$900/mo,2bd,2ba,820 sqft
"106 W  Burris Rd Stillwater, OK 74075","$2,200/mo",3bd,2ba,"2,428 sqft"
"2305 NW 16th St Oklahoma City, OK 73107","$1,595/mo",2bd,1ba,"1,430 sqft"
"83 Sunset Hills Cir Choctaw, OK 73020","$1,995/mo",3bd,2ba,"2,050 sqft"
"6612 NW 30th St Bethany, OK 73008","$1,250/mo",3bd,1.5ba,"1,306 sqft"
"3205 Castlerock Rd Oklahoma City, OK 73120","$1,575/mo",3bd,2ba,"1,963 sqft"
"15005 E  90th St N Owasso, OK 74055","$1,425/mo",3bd,2ba,"1,177 sqft"
"1201 South Rockford Avenue - 3 Tulsa, OK 74120",$725/mo,1bd,1ba,No Data
"7451 S  Vandalia Ave  #1203 Tulsa, OK 74136","$1,600/mo",2bd,2.5ba,"1,564 sqft"
"524 S  Marion Ave Tulsa, OK 74112","$1,400/mo",3bd,1ba,"1,300 sqft"
"9004 N  64th Ave E Owasso, OK 74055","$2,750/mo",4bd,3ba,"2,277 sqft"
"3034 NW Grant Ave Corvallis, OR 97330","$3,150/mo",6bd,2.5ba,"3,902 sqft"
"1203 Bexhill St West Linn, OR 97068","$3,000/mo",3bd,2.5ba,"1,744 sqft"
"4756 Carman Dr Lake Oswego, OR 97035","$2,700/mo",3bd,1ba,"1,455 sqft"
"2755 SW Greens Blvd #4 Redmond, OR 97756","$2,495/mo",2bd,2.5ba,"1,605 sqft"
"51941 Lumberman Ln La Pine, OR 97739","$2,700/mo",3bd,3ba,"2,010 sqft"
"25 NE Pleasant Dr Cascade Locks, OR 97014","$2,500/mo",2bd,1.5ba,"1,300 sqft"
"Address Not Disclosed La Pine, OR 97739","$1,200/mo",1bd,1ba,576 sqft
"730 Van Buren St Eugene, OR 97402","$1,950/mo",2bd,1ba,"1,134 sqft"
"3835 Knox Butte Rd   NE Albany, OR 97322","$1,150/mo",1bd,1ba,725 sqft
"1280 Marshall Dr SE Salem, OR 97302","$2,995/mo",4bd,3ba,"2,659 sqft"
"Overlook North Portland, OR 97227","$1,425 - $1,949/mo",1-2bd,1ba,No Data
"Worthington Apartments Portland, OR 97209","$1,250/mo",1bd,1ba,No Data
"9336 N  Lombard St   #B Portland, OR 97203",$995/mo,1bd,1ba,No Data
"5335 NE 41st Ave Portland, OR 97211","$2,299/mo",2bd,1ba,940 sqft
"241 S  Quadrant St Rockaway Beach, OR 97136","$2,490/mo",3bd,2ba,"1,440 sqft"
"West Parc Portland, OR 97229","$1,625 - $2,310/mo",1-3bd,1-2ba,No Data
"15385 NW Dane Ln Portland, OR 97229","$2,845/mo",4bd,3ba,"2,124 sqft"
"14155 SW 22nd St Beaverton, OR 97008","$3,195/mo",4bd,3ba,"2,306 sqft"
"2372 NW Matteo Dr McMinnville, OR 97128","$2,595/mo",4bd,2.5ba,"2,175 sqft"
"The Avalon Apartment Homes Pittsburgh, PA 15202","$1,175 - $1,405/mo",1-2bd,1-2ba,No Data
"8500 Thompson Run Rd Allison Park, PA 15101","$2,300/mo",2bd,2ba,"1,200 sqft"
"1918 S  18th St   #3 Pittsburgh, PA 15203","$2,200/mo",3bd,3ba,"2,500 sqft"
"1127 Darlington Rd Beaver Falls, PA 15010","$1,600/mo",4bd,1ba,"1,800 sqft"
"STRATA East Allentown, PA 18101","$1,480 - $1,814/mo",1-2bd,1-2ba,No Data
"246 W  Bridge St   #A3 New Hope, PA 18938","$1,750/mo",1bd,1ba,950 sqft
"913 Old Scalp Ave  #263 Johnstown, PA 15904","$1,295/mo",1bd,1ba,No Data
"Luxor Lifestyle Apartments Phoenixville Phoenixville, PA 19460","$1,645 - $2,788/mo",Studio-2bd,1-2ba,No Data
"2014 Newark Rd Lincoln University, PA 19352","$2,150/mo",3bd,1.5ba,"1,120 sqft"
"630 Gates Ln Enola, PA 17025","$1,450/mo",2bd,2ba,"1,184 sqft"
"225 Emerald St Harrisburg, PA 17110",$995/mo,4bd,1ba,No Data
"684 Winding Ln   #684 Harrisburg, PA 17111","$1,695/mo",3bd,2.5ba,"1,600 sqft"
"216 House Way Wayne, PA 19087","$4,600/mo",3bd,4ba,"3,592 sqft"
"1128 W  25th St   #2 Erie, PA 16502",$950/mo,2bd,1ba,"1,130 sqft"
"2031 Main St   #A Cardale, PA 15420",$800/mo,2bd,1ba,No Data
"19 Thorn St   #1 Carbondale, PA 18407","$1,150/mo",3bd,1ba,900 sqft
"450 W. Chestnut St. Lancaster, PA 17603","$1,150/mo",2bd,1ba,No Data
"Valley View Honey Brook Honey Brook, PA 19344","$1,150/mo",2bd,2ba,No Data
"550 S  Benner Ave Fountain Hill, PA 18015","$1,125/mo",2bd,1ba,No Data
"550 S  Benner Ave  #2 Bethlehem, PA 18015","$1,125/mo",2bd,1ba,No Data
"42 Nittany Dr   #H4 Dallas, PA 18612","$1,000/mo",3bd,2ba,"1,200 sqft"
"131 Island Dr Long Pond, PA 18334","$2,400/mo",4bd,2ba,"2,234 sqft"
"56 S Charlotte St Pottstown, PA 19464","$1,350/mo",2bd,1.5ba,No Data
"401 Seminary St Pennsburg, PA 18073","$1,375/mo",2bd,1ba,No Data
"Reserve at Palmer Pointe Easton, PA 18045","$1,580 - $2,460/mo",1-2bd,1-2ba,No Data
"358 S  Broadway #B Wind Gap, PA 18091","$1,200/mo",1bd,1ba,No Data
"The View at Old City Philadelphia, PA 19106","$1,695 - $4,239/mo",Studio-2bd,1-2ba,No Data
"5427 Wayne Philadelphia, PA 19144",$900 - $950/mo,1bd,1ba,No Data
"Studio, $875 Philadelphia, PA 19104",$875/mo,Studio,1ba,No Data
"1425 N  Ithan St Philadelphia, PA 19131","$1,125/mo",2bd,1ba,871 sqft
"304 Shore Dr   #B Montague, NJ 07827","$2,200/mo",3bd,2ba,"2,000 sqft"
"202 11th St Franklin, PA 16323","$1,450/mo",3bd,1ba,"1,750 sqft"
"Timber Ridge New Stanton, PA 15672",$590 - $695/mo,1-2bd,1-1.5ba,No Data
"Walnut Crossings Monroeville, PA 15146","$835 - $1,510/mo",Studio-2bd,1-2ba,No Data
"235 Jug Rd York, PA 17404","$1,650/mo",3bd,1ba,"1,226 sqft"
"The Village At Saw Mill Square North Kingstown, RI 02852","$2,200/mo",2bd,2ba,No Data
"38 Franklin St Newport, RI 02840","$3,400/mo",3bd,2.5ba,"1,942 sqft"
"9 Gray Coach Ln #905 Cranston, RI 02921","$2,400/mo",2bd,2ba,"1,100 sqft"
"89 America St   #1 Providence, RI 02903","$2,250/mo",3bd,1ba,No Data
"370 Hope St   #1 Providence, RI 02906","$1,950/mo",3bd,1ba,No Data
"105 White Rock Rd   #11 Westerly, RI 02891","$1,080/mo",1bd,1ba,No Data
"884 Partridge Bend Rd Aiken, SC 29803",$700/mo,2bd,1ba,900 sqft
"129 Bennington Ln Aiken, SC 29803","$1,400/mo",2bd,2ba,"1,096 sqft"
"158 Pine Crst View Dr Dr Summerville, SC 29486","$2,450/mo",4bd,2.5ba,"2,445 sqft"
"Riverland Woods Charleston, SC 29412","$1,800 - $2,735/mo",1-3bd,1-2ba,No Data
"1648 Indy Dr North Charleston, SC 29405","$2,500/mo",3bd,2.5ba,"1,710 sqft"
"1743 Skinner Ave  #B Charleston, SC 29407","$2,800/mo",3bd,2ba,"1,050 sqft"
"345 Connecticut Ave  #B Spartanburg, SC 29302","$1,495/mo",2bd,1.5ba,"1,200 sqft"
"325 Crossandra Ave Summerville, SC 29483","$2,035/mo",3bd,2.5ba,"1,569 sqft"
"Flintlake Myrtle Beach, SC 29579","$1,410 - $1,875/mo",1-3bd,1-2.5ba,No Data
"7 Woodway Dr Greer, SC 29651","$1,900/mo",3bd,2.5ba,"1,900 sqft"
"517 Barn Swallow Dr Simpsonville, SC 29680","$2,109/mo",4bd,2.5ba,"2,252 sqft"
"920 Yarn Way Greer, SC 29651","$1,700/mo",3bd,2.5ba,"1,599 sqft"
"2356 Blackthorn Dr Conway, SC 29526","$2,500/mo",4bd,2ba,"1,774 sqft"
"113 Magnolia Petal Dr Elgin, SC 29045","$3,295/mo",4bd,3ba,"3,348 sqft"
"220 Crimson Oak Dr Lexington, SC 29072","$1,599/mo",3bd,2ba,"1,224 sqft"
"100 Blissful Ct Aynor, SC 29511","$1,275/mo",3bd,2ba,No Data
"204 Calhoun St   #20 Clemson, SC 29631",$800/mo,1bd,1ba,No Data
"409 Sesqui Trl Columbia, SC 29223","$1,735/mo",3bd,2.5ba,"1,759 sqft"
"251 Burbank St   #B Columbia, SC 29210","$1,200/mo",1bd,1ba,500 sqft
"107 Bland Ave Johnston, SC 29832",$600/mo,2bd,1ba,"1,000 sqft"
"175 Heatherwood Ln Greer, SC 29651","$2,300/mo",4bd,2.5ba,"2,200 sqft"
"457 Robney Dr Sumter, SC 29150",$950/mo,2bd,1ba,"1,121 sqft"
"155 Ole Simpson Pl Catawba, SC 29704","$1,200/mo",2bd,1ba,780 sqft
"Oakwood Estates Sioux Falls, SD 57106",$835 - $990/mo,1-2bd,1-2ba,No Data
"604 W  Rice St   #201 Sioux Falls, SD 57104",$725/mo,2bd,1ba,650 sqft
"5523 Compass Way Christiana, TN 37037","$2,150/mo",3bd,2.5ba,"1,440 sqft"
"212 W  Doe Ave Elizabethton, TN 37643","$1,300/mo",2bd,2ba,"1,320 sqft"
"Views at Hillwood II Nashville, TN 37209","$1,579 - $2,009/mo",2-3bd,2-2.5ba,No Data
"9236 Thomason Trl Antioch, TN 37013","$1,995/mo",3bd,2.5ba,"1,677 sqft"
"305 Hampstead N Antioch, TN 37013","$1,910/mo",3bd,2ba,"1,234 sqft"
"510 Shadow Glen Dr Nashville, TN 37211","$1,795/mo",2bd,2.5ba,"1,234 sqft"
"75 Greer Ln Oakland, TN 38060","$1,850/mo",3bd,2ba,"1,892 sqft"
"109 Peace St   #243 Chattanooga, TN 37415",$955/mo,1bd,1ba,600 sqft
"3229 Williams St Chattanooga, TN 37410","$2,700/mo",3bd,3ba,"2,057 sqft"
"4200 Randolph Cir  #A Chattanooga, TN 37406","$1,895/mo",4bd,2ba,"2,200 sqft"
"1722 Coker Ave  #7 Knoxville, TN 37917","$1,100/mo",2bd,1ba,No Data
"2911 Boright Dr Knoxville, TN 37917","$2,200/mo",2bd,1ba,"1,200 sqft"
"12550 Rocky Slope Ln Knoxville, TN 37922","$3,300/mo",4bd,2.5ba,"3,412 sqft"
"4368 Scott Hollow Rd Culleoka, TN 38451","$1,600/mo",3bd,2.5ba,"1,718 sqft"
"1 bed, 1.0 bath, 850 sqft, $750 Clarksville, TN 37040",$750/mo,1bd,1ba,No Data
"540 Sitka St Clarksville, TN 37040","$1,659/mo",4bd,3ba,"1,738 sqft"
"960 Magnolia Ct Cookeville, TN 38501","$1,295/mo",2bd,2ba,"1,143 sqft"
"Haynes Manor Murfreesboro, TN 37129","$1,030/mo",1bd,1ba,No Data
"3064 Ace Wintermeyer Dr La Vergne, TN 37086","$1,885/mo",3bd,2.5ba,"1,484 sqft"
"1032 Silver Point Dr Murfreesboro, TN 37130","$1,500/mo",2bd,1.5ba,"1,087 sqft"
"Dogwood Creek Collierville, TN 38017","$1,390 - $1,757/mo",1-3bd,1-2ba,No Data
"525 Chickasaw Land Way Collierville, TN 38017","$2,865/mo",5bd,3.5ba,"4,112 sqft"
"Midtowners Paradise - 2 bedroom / 1 bath - Apartment Community in the heart of Overton Square! Memphis, TN 38104",$995/mo,2bd,1ba,No Data
"3612 Prescott Rd Memphis, TN 38118",$900/mo,2bd,1ba,"1,384 sqft"
"1529 Suncrest Dr   #8 Kingsport, TN 37665",$825/mo,2bd,1ba,No Data
"4741 Janie Ave Millington, TN 38053","$1,500/mo",3bd,2ba,No Data
"1119 Lipscomb Dr Brentwood, TN 37027","$2,850/mo",3bd,2ba,"1,718 sqft"
"600 O'Hara Cv Lebanon, TN 37087","$2,295/mo",3bd,2.5ba,"2,385 sqft"
"PARC AT INGLESIDE Ingleside, TX 78362","$1,075 - $1,455/mo",1-2bd,1-2ba,No Data
"14317 Bryce Ln Manor, TX 78653","$2,300/mo",4bd,3ba,"2,208 sqft"
"2706 Edgefield St   #B Killeen, TX 76549","$1,100/mo",3bd,2ba,"1,200 sqft"
"1102 August Dr Killeen, TX 76549","$1,795/mo",3bd,2ba,"1,496 sqft"
"126 Meadowbrook Dr Temple, TX 76502","$1,845/mo",3bd,2ba,"1,522 sqft"
"916 Industrial Ave  #A Copperas Cove, TX 76522","$1,400/mo",3bd,2ba,"1,286 sqft"
"Oxford at Medical Center, LLC San Antonio, TX 78229","$1,073 - $1,843/mo",1-2bd,1-2ba,No Data
"2815 Gustavo Dr Converse, TX 78109","$1,900/mo",4bd,2ba,"1,627 sqft"
"11411 Garden Fls San Antonio, TX 78245","$2,225/mo",4bd,2.5ba,"2,521 sqft"
"7427 Boa Holw San Antonio, TX 78253","$2,219/mo",3bd,2ba,"1,662 sqft"
"227 Ocean Ave Surfside Beach, TX 77541","$2,000/mo",2bd,1ba,900 sqft
"123 W  6th St   #2 Freeport, TX 77541",$750/mo,3bd,1ba,"3,396 sqft"
"301 Parkway #348 College Station, TX 77840","$2,395/mo",4bd,4ba,"1,495 sqft"
"2490 Horse Shoe Dr College Station, TX 77845","$2,000/mo",4bd,3ba,"1,736 sqft"
"Encino Pointe San Marcos, TX 78666","$1,091 - $1,732/mo",1-4bd,1-2ba,No Data
"6050 Sandy Creek Dr Baytown, TX 77523","$2,400/mo",4bd,3ba,"2,756 sqft"
"Creekside Townhomes Richardson, TX 75080","$1,944 - $3,432/mo",1-3bd,1-2ba,No Data
"101 S  Alabama St   #1 Celina, TX 75009","$1,575/mo",2bd,1.5ba,"1,061 sqft"
"9806 Vita Dolce Ct Frisco, TX 75035","$7,800/mo",5bd,4.5ba,"5,600 sqft"
"6760 Manitowoc Dr Plano, TX 75023","$2,475/mo",4bd,2ba,"1,880 sqft"
"1688 Kimberly Dawn Dr New Braunfels, TX 78130","$1,800/mo",3bd,2ba,"1,587 sqft"
"547 E  Division St Pilot Point, TX 76258","$2,550/mo",4bd,2ba,"2,059 sqft"
"Delante Apartments Irving, TX 75039","$1,505 - $2,115/mo",1-2bd,1-2ba,No Data
"Addison Grove Addison, TX 75001","$1,437 - $2,959/mo",Studio-2bd,1-2.5ba,No Data
"5825 Marvin Loving Dr #211 Garland, TX 75043","$1,099/mo",1bd,1ba,669 sqft
"6436 Royal Cedar Dr Dallas, TX 75236","$2,194/mo",3bd,2ba,"1,298 sqft"
"Varia at Highland Village Lewisville, TX 75077","$2,014 - $3,400/mo",2-3bd,2ba,No Data
"6917 Crenshaw Ln Denton, TX 76210","$2,490/mo",4bd,2ba,"2,125 sqft"
"305 Anvil Dr Haslet, TX 76052","$1,925/mo",3bd,2ba,"1,640 sqft"
"10256 Franklin Dr Providence Village, TX 76227","$1,995/mo",3bd,2.5ba,"2,067 sqft"
"Peppertree Apartment Homes Odessa, TX 79761","$895 - $1,320/mo",1-2bd,1ba,No Data
"228 Garden Valley Ln Red Oak, TX 75154","$2,169/mo",3bd,2ba,"1,511 sqft"
"4916 Royal Dr El Paso, TX 79924","$1,400/mo",3bd,2ba,"1,618 sqft"
"5005 Meade Ct El Paso, TX 79904","$1,049/mo",2bd,1ba,"1,041 sqft"
"1625 Wooded Acres Dr   #105 Waco, TX 76710",$725/mo,2bd,1ba,775 sqft
"1810 Runaway Scrape Ct Richmond, TX 77406","$1,975/mo",3bd,2ba,"1,874 sqft"
"17202 Quiet Song Ct Richmond, TX 77407","$2,495/mo",5bd,2.5ba,"2,628 sqft"
"1227 Muscadine Hollow Ln Richmond, TX 77406","$2,600/mo",4bd,3ba,"2,067 sqft"
"1903 Avenue Rosenberg, TX 77471","$1,600/mo",2bd,1ba,"1,000 sqft"
"2609 Broadway St Galveston, TX 77550","$1,800/mo",2bd,1ba,"1,146 sqft"
"327 Twin Timbers Ln Kemah, TX 77565","$3,300/mo",4bd,3.5ba,"2,631 sqft"
"819 9th St Galveston, TX 77550","$2,295/mo",3bd,2.5ba,"1,584 sqft"
"3911 Nature Ct Denison, TX 75020","$2,245/mo",3bd,2.5ba,"1,903 sqft"
"26124 Avenue E #B Dobbin, TX 77333","$1,550/mo",3bd,2.5ba,"1,564 sqft"
"Judson Meadow Apartments San Antonio, TX 78233","$1,455/mo",3bd,2ba,No Data
"Oaks at Greenview Houston, TX 77015","$843 - $1,280/mo",1-2bd,1-2ba,No Data
"Arielle Springwoods Spring, TX 77388","$1,220 - $1,970/mo",1-3bd,1-2ba,No Data
"Tuscany Court Apartments Houston, TX 77057","$1,260 - $2,075/mo",1-2bd,1-2ba,No Data
"5234 Jasmine Valley Ct Katy, TX 77449","$2,400/mo",3bd,2ba,"1,635 sqft"
"213 Cobb Branch Dr Maxwell, TX 78656","$2,130/mo",3bd,2ba,"1,512 sqft"
"325 Feathergrass Dr Buda, TX 78610","$2,000/mo",3bd,2ba,"1,506 sqft"
"503 E  College St   #A Athens, TX 75751",$750/mo,1bd,1ba,760 sqft
"1401 Coyote Hls Edinburg, TX 78541","$1,100/mo",2bd,2ba,"1,080 sqft"
"3421 Sahara Dr   #4 Edinburg, TX 78541","$1,150/mo",3bd,2ba,"1,080 sqft"
"2802 James Rd Granbury, TX 76049","$1,350/mo",3bd,2ba,"1,150 sqft"
"1220 Cooley Dr Borger, TX 79007",$900/mo,2bd,1ba,888 sqft
"4690 Galveston St Beaumont, TX 77703","$1,295/mo",3bd,1ba,"1,050 sqft"
"134 Sammy Fowler Ave Venus, TX 76084","$2,495/mo",4bd,2ba,"1,784 sqft"
"3032 Chaco Dr Forney, TX 75126","$2,500/mo",4bd,2.5ba,"2,153 sqft"
"4012 Dusk Dr Forney, TX 75126","$2,350/mo",3bd,2ba,"1,880 sqft"
"JWC - 509 W Ave B - Copperas Cove Copperas Cove, TX 76522","$1,250/mo",3bd,2ba,No Data
"3455 Hyacinth Dr Kingsland, TX 78639","$1,099/mo",2bd,1ba,720 sqft
"2422 24th Street Lubbock, TX 79411",$600/mo,1bd,1ba,No Data
"1109 80th St   #B Lubbock, TX 79423","$1,395/mo",3bd,2ba,"1,443 sqft"
"218 Lake Ct Wolfforth, TX 79382","$2,029/mo",3bd,2.5ba,"1,764 sqft"
"4604 Rocking K Dr Waco, TX 76705","$1,700/mo",3bd,2ba,No Data
"4406 Parkhurst Dr Midland, TX 79707","$2,400/mo",3bd,2.5ba,"2,356 sqft"
"1232 Narrow Heights Dr Conroe, TX 77301","$1,650/mo",3bd,2ba,"1,407 sqft"
"3709 Shady Elk Ct Conroe, TX 77301","$2,375/mo",4bd,2ba,"2,036 sqft"
"167 E  Pathfinders Cir Spring, TX 77381","$2,100/mo",3bd,2.5ba,"1,946 sqft"
"27079 Badger Way Magnolia, TX 77354","$2,550/mo",4bd,3ba,"1,759 sqft"
"811 S  Sutton St Mabank, TX 75147","$1,850/mo",3bd,2ba,"1,405 sqft"
"Address Not Disclosed Corpus Christi, TX 78418","$1,650/mo",3bd,2.5ba,"1,300 sqft"
"414 W  Couts St Weatherford, TX 76086","$1,695/mo",3bd,2ba,"1,491 sqft"
"8403 North Bnd #287-008 Amarillo, TX 79108",$965/mo,3bd,2ba,728 sqft
"2704 Canyon Dr Amarillo, TX 79109","$1,099/mo",2bd,1ba,720 sqft
"373 Sun Valley Dr Royse City, TX 75189","$1,495/mo",3bd,1ba,"1,120 sqft"
"11085 Pine Acre Trails Blvd #177 Conroe, TX 77303","$1,899/mo",3bd,2ba,"1,456 sqft"
"Townhomes at Faulkner Park Tyler, TX 75703","$1,795/mo",3bd,2ba,No Data
"Wildwood Creek Grapevine, TX 76051","$1,453 - $2,686/mo",1-3bd,1-2ba,No Data
"929 Casa Grandes Dr Arlington, TX 76002","$2,215/mo",3bd,2ba,"1,717 sqft"
"5536 Camarillo Dr Fort Worth, TX 76244","$2,095/mo",3bd,2ba,"1,840 sqft"
"4854 Ledgestone Ct Fort Worth, TX 76132","$1,950/mo",2bd,2ba,"1,714 sqft"
"1230 June Ln San Angelo, TX 76905","$1,595/mo",5bd,2.5ba,"1,584 sqft"
"Ellwood at Lake Travis Austin, TX 78745","$1,230 - $1,995/mo",1-3bd,1-2ba,No Data
"The Monterra Austin, TX 78727","$1,570 - $2,553/mo",1-3bd,1-2ba,No Data
"7701 Rialto Blvd #817 Austin, TX 78735","$2,000/mo",2bd,2ba,"1,239 sqft"
"11817 Bastrop St Manor, TX 78653","$2,050/mo",3bd,2ba,"1,698 sqft"
"144 Creek Meadow Dr Mabank, TX 75147","$1,999/mo",4bd,2ba,"1,705 sqft"
"24685 Richards Rd Hempstead, TX 77445","$1,300/mo",3bd,2ba,"1,120 sqft"
"1414 Polk St Wichita Falls, TX 76309",$800/mo,2bd,1ba,"1,072 sqft"
"120 Waterlily Way Hutto, TX 78634","$2,200/mo",3bd,2ba,"1,787 sqft"
"1113 Burin Dr Georgetown, TX 78626","$2,299/mo",4bd,3ba,"2,107 sqft"
"492 Perryville Loop Liberty Hill, TX 78642","$2,620/mo",4bd,2.5ba,"2,184 sqft"
"136 Belford St Georgetown, TX 78628","$2,995/mo",3bd,2.5ba,"2,177 sqft"
"193 Banjo Trl Newark, TX 76071","$2,039/mo",4bd,2.5ba,"2,153 sqft"
"Eaglewood Lofts North Salt Lake, UT 84054","$1,300 - $2,359/mo",1-3bd,1-2ba,No Data
"1379 N  2325 W Layton, UT 84041","$2,700/mo",4bd,3ba,"1,688 sqft"
"Sky Harbor Apartments Salt Lake City, UT 84116","$1,004 - $1,444/mo",Studio-2bd,1ba,No Data
"8945 S  Sunspring Dr West Jordan, UT 84088","$2,755/mo",5bd,3ba,"2,792 sqft"
"5123 W  6275 S West Jordan, UT 84081","$2,000/mo",3bd,2ba,"1,737 sqft"
"9317 S  Springwood Ln Sandy, UT 84093","$2,800/mo",5bd,3ba,"3,264 sqft"
"8544 Ranch Club Ct Park City, UT 84098","$12,500/mo",3bd,5ba,"4,187 sqft"
"MD 400 E - 1540 Orem, UT 84058",$975/mo,2bd,1ba,No Data
"930 S  1600 E Pleasant Grove, UT 84062","$3,230/mo",4bd,2.5ba,"2,788 sqft"
"2636 N  700 E Provo, UT 84604","$2,100/mo",3bd,2ba,"1,464 sqft"
"3018 E  Broken Mesa Dr Saint George, UT 84790","$3,095/mo",5bd,4ba,"3,009 sqft"
"3608 Tyler Ave  #B Ogden, UT 84403","$1,395/mo",3bd,1ba,"1,062 sqft"
"271 Jasper Mine Rd Colchester, VT 05446","$1,900/mo",3bd,2ba,"1,412 sqft"
"57 Broad St   #5 Claremont, NH 03743",$925/mo,Studio,1ba,No Data
"The Point at Pentagon City Arlington, VA 22202","$1,730 - $2,485/mo",Studio-2bd,1-2ba,No Data
"3705 8th St S Arlington, VA 22204","$1,350/mo",Studio,1ba,500 sqft
"The Reserve at Stone Port Harrisonburg, VA 22801","$1,520 - $2,340/mo",1-3bd,1-3ba,No Data
"5906 Nellie Ln King George, VA 22485","$2,400/mo",4bd,2.5ba,"3,308 sqft"
"2639 Wayside Dr Chesterfield, VA 23838","$1,195/mo",2bd,1ba,900 sqft
"eaves Tysons Corner Vienna, VA 22182","$1,935 - $2,240/mo",1-2bd,1-2ba,No Data
"5510 Dam View Ct Burke, VA 22015","$2,900/mo",3bd,2.5ba,"2,100 sqft"
"5808 Cove Landing Rd #201 Burke, VA 22015","$2,200/mo",3bd,2ba,"1,079 sqft"
"2003 Farrington Ave Alexandria, VA 22303","$2,000/mo",2bd,1ba,"1,200 sqft"
"565 Sunnyside Ln   #B Christiansburg, VA 24073",$875/mo,2bd,1ba,780 sqft
"55 Fleetwood Ln Manakin Sabot, VA 23103","$2,400/mo",3bd,2ba,"2,000 sqft"
"2011 Rocky Point Pkwy Henrico, VA 23238","$2,200/mo",3bd,2.5ba,"1,872 sqft"
"6300 Thomas Paine Dr Williamsburg, VA 23188","$3,100/mo",4bd,3ba,"3,716 sqft"
"411 Hanrahan Ct SE Leesburg, VA 20175","$3,450/mo",4bd,3.5ba,"3,516 sqft"
"2702 Newton Ct Blacksburg, VA 24060","$1,450/mo",3bd,2.5ba,No Data
"3213 Acadia Dr Charlottesville, VA 22911","$2,300/mo",3bd,3ba,"1,917 sqft"
"13125 Oakwood Dr Woodbridge, VA 22192","$2,795/mo",5bd,3ba,"2,395 sqft"
"3011 Shire Cir Radford, VA 24141","$1,250/mo",1bd,1ba,No Data
"Southpoint Reserve at Stoney Creek Fredericksburg, VA 22407","$1,351 - $1,945/mo",1-2bd,1-2ba,No Data
"277 White St Abingdon, VA 24210","$1,290/mo",1bd,1ba,No Data
"291 Cameron Station Blvd #102 Alexandria, VA 22304","$3,100/mo",3bd,2.5ba,"1,642 sqft"
"2118 Angus Rd   #20 Charlottesville, VA 22901","$1,175/mo",1bd,1ba,600 sqft
"841 Main St   #A Danville, VA 24541","$3,000/mo",3bd,3.5ba,"4,130 sqft"
"716 Todds Ln Hampton, VA 23666","$2,500/mo",4bd,2ba,"2,400 sqft"
"8387 Oakgrove Ct Manassas, VA 20110","$2,250/mo",3bd,4ba,"1,440 sqft"
"3475 Azalea Garden Rd   #17 Norfolk, VA 23513",$995/mo,1bd,1ba,No Data
"201 Westover Ave #206 Norfolk, VA 23507","$1,800/mo",2bd,2ba,"1,044 sqft"
"230 N. Sycamore St Petersburg, VA 23803","$995 - $1,295/mo",Studio-2bd,1-2ba,No Data
"3213 W  Grace St Richmond, VA 23221","$2,600/mo",4bd,1.5ba,"1,742 sqft"
"1506 Hickory St Richmond, VA 23222","$1,250/mo",2bd,1ba,725 sqft
"441 W  7th St Richmond, VA 23224","$6,000/mo",5bd,5ba,"3,068 sqft"
"724 Nixon Dr Suffolk, VA 23434","$1,500/mo",3bd,2ba,"1,100 sqft"
"3866 Chimney Creek Dr Virginia Beach, VA 23462","$2,000/mo",3bd,3ba,"1,600 sqft"
"3837 Staffordshire Ln Williamsburg, VA 23188","$1,300/mo",2bd,1.5ba,"1,020 sqft"
"168 Green Ave Manson, WA 98831","$2,600/mo",5bd,3ba,"3,385 sqft"
"2108 SE 6th Ave Camas, WA 98607","$2,495/mo",3bd,2ba,"2,124 sqft"
"5006 Nicholson Rd Vancouver, WA 98661","$1,300/mo",1bd,1ba,640 sqft
"711 Ne 3rd Ave Ephrata, WA 98823","$1,450/mo",3bd,2.5ba,No Data
"4175 Welcome Rd   #B Langley, WA 98260","$2,000/mo",1bd,1ba,816 sqft
"Tera Apartments Kirkland, WA 98033","$2,255 - $3,185/mo",1-2bd,1-2ba,No Data
"Griffis Belltown Seattle, WA 98121","$1,775 - $3,729/mo",Studio-3bd,1-2ba,No Data
"Keelson Ballard Seattle, WA 98107","$1,776 - $3,114/mo",1-2bd,1-2ba,No Data
"Lock Vista Seattle, WA 98107","$1,514 - $3,446/mo",Studio-3bd,1-2ba,No Data
"1535 7th St Bremerton, WA 98337","$2,450/mo",3bd,2ba,"1,530 sqft"
"5050 NE Canal Ln Hansville, WA 98340","$1,900/mo",2bd,1ba,960 sqft
"1014 Main St   #14 Oroville, WA 98844",$800/mo,1bd,1ba,450 sqft
"The Larson Tacoma, WA 98466","$2,075/mo",1bd,1ba,No Data
"13912 176th St E Puyallup, WA 98374","$2,497/mo",4bd,2ba,"1,859 sqft"
"7423 SE Tacoma, WA 98404","$2,900/mo",3bd,2ba,"1,260 sqft"
"7432 Tacoma Ave S Tacoma, WA 98408","$2,385/mo",2bd,1ba,648 sqft
"Brackett Edmonds, WA 98020","$1,845 - $2,280/mo",1-2bd,1-2ba,No Data
"14031 61st Ave SE Everett, WA 98208","$2,999/mo",3bd,2.5ba,"1,476 sqft"
"Newly Renovated Studio and One Bedroom Units Everett, WA 98201","$1,375/mo",1bd,1ba,No Data
"13404 32nd Dr SE Mill Creek, WA 98012","$3,699/mo",4bd,2.5ba,"2,043 sqft"
"2920 S  Windsor Rd Spokane, WA 99224","$1,400/mo",3bd,2ba,"1,680 sqft"
"2618 N  Calispel St Spokane, WA 99205","$1,600/mo",3bd,2ba,No Data
"425 S  Main Ave  #B-C Deer Park, WA 99006","$1,250/mo",2bd,2ba,950 sqft
"Tumwater Pointe Apartments Olympia, WA 98501","$1,700 - $2,325/mo",1-3bd,1-2ba,No Data
"1128 Sleater Kinney Rd   SE #1 Lacey, WA 98503","$1,500/mo",1bd,1ba,847 sqft
"OR921 Bellingham, WA 98226","$1,825/mo",2bd,2ba,No Data
"635 SE Taylor St   #1 Pullman, WA 99163","$1,000/mo",1bd,1ba,725 sqft
"312 E  11th Ave Ranson, WV 25438","$1,250/mo",2bd,1.5ba,"1,032 sqft"
"1205 Headley Ct   #1 Fairmont, WV 26554","$1,150/mo",2bd,1.5ba,"1,000 sqft"
"812 Harrison St Morgantown, WV 26505",$850/mo,2bd,1ba,657 sqft
"376 Brockway Ave  #B Morgantown, WV 26501","$1,800/mo",3bd,3ba,No Data
"101 Miracle Dr Saint Albans, WV 25177",$481/mo,Studio,1ba,480 sqft
"1810-1828 9th St Green Bay, WI 54304",$750/mo,2bd,1ba,850 sqft
"302 E  Harrison St Appleton, WI 54915","$1,399/mo",5bd,1ba,No Data
"509 Hilldale Ct Madison, WI 53705","$2,995/mo",2bd,1ba,788 sqft
"1 bed, 380 sqft, $1,015 Madison, WI 53703","$1,015/mo",1bd,1ba,No Data
"Middleton Station Middleton, WI 53562","$1,575/mo",1bd,1ba,No Data
"Boyceville Manor Apartments Boyceville, WI 54725",$650/mo,2bd,1ba,No Data
"800 Fairfield Dr Platteville, WI 53818",$725/mo,1bd,1ba,600 sqft
"Kathleen's Court Apts. (BPKC) Kenosha, WI 53144","$1,325/mo",2bd,2ba,No Data
"1113 Landfried Ave Mosinee, WI 54455",$995/mo,3bd,2ba,"1,500 sqft"
"4522 N  22nd St Milwaukee, WI 53209","$1,320/mo",3bd,1.5ba,"1,149 sqft"
"2329-2359 South 51st Street - 2329-101 Milwaukee, WI 53219","$1,150/mo",2bd,2ba,No Data
"5229 N  Sherman Blvd #5229A Milwaukee, WI 53209",$948/mo,4bd,2ba,"1,728 sqft"
"10911 W  Langlade St   #10911 Milwaukee, WI 53225","$1,395/mo",3bd,1.5ba,"1,500 sqft"
"1 bed, 650 sqft, $999 Appleton, WI 54914",$999/mo,1bd,1ba,No Data
"234 Water St Red Wing, MN 55066","$1,550/mo",2bd,2ba,"1,344 sqft"
"Cranston Terrace Beloit, WI 53511",$850 - $900/mo,2bd,1ba,No Data
"Zander Place Cross Plains, WI 53528","$1,360 - $1,625/mo",1-2bd,1-2ba,No Data
"230 Hilldale Dr Hartford, WI 53027","$1,425/mo",2bd,2ba,"1,450 sqft"
"Rosewood Glen New London, WI 54961",$745/mo,2bd,1ba,No Data
"1 bed, 1.0 bath, 650 sqft, $650 Neenah, WI 54956",$650/mo,1bd,1ba,No Data
"2315 Wills Rd Cheyenne, WY 82001","$1,375/mo",2bd,2ba,"1,025 sqft"
"935 Upper Cache Creek Dr Jackson, WY 83001","$8,750/mo",6bd,4.5ba,"2,852 sqft"
